-0.006,30.1327,311.144,-73.8929,30.7177421875,313.62003125,-74.8917796875,0.3016882015825284,2.2941462826471875
-0.007,27.5691,311.342,-72.5245,29.1447484375,312.5040625,-73.7221375,0.23722412630633224,2.3752705635322413
-0.008,25.6279,311.703,-71.6941,27.402567187499997,312.1165625,-72.72515625,0.2205934807215192,2.5292956563775535
-0.009000000000000001,21.5897,312.611,-69.7365,24.4824984375,312.372375,-71.23085,0.3428794671355291,2.599629571356728
-0.010000000000000002,17.6905,313.923,-69.081,21.0701421875,313.1419375,-70.1546875,0.4688011829620055,2.5900191258811733
-0.011000000000000003,14.6049,315.903,-69.3172,17.83374375,314.493703125,-69.72899218750001,0.4643228762967237,2.4608719535596717
-0.012000000000000004,13.3329,317.815,-69.5707,15.580806250000002,316.128875,-69.63651875,0.36404582973689115,2.3872104265289273
-0.013000000000000005,14.6518,320.264,-69.6876,15.096274999999999,318.19798437500003,-69.65136875,0.0804505497085101,2.304423826860181
-0.014000000000000005,15.0787,321.567,-69.323,15.072321875,319.8853125,-69.480696875,0.010022491170329039,2.2917249731572236
-0.015000000000000006,14.3931,323.677,-68.9456,14.7011625,321.78825,-69.1978546875,0.0929933836395218,2.0551019705479154
-0.016000000000000007,13.3086,324.658,-68.3327,13.97441875,323.233375,-68.76015625,0.1906165054253144,1.8252636654505876
-0.017000000000000008,11.6395,326.258,-67.6429,12.782853124999999,324.76115625,-68.2033734375,0.32215893688090647,1.6495922091702355
-0.01800000000000001,10.1219,327.072,-66.6775,11.4424390625,325.931515625,-67.4424171875,0.381894537458352,1.6120668217098686
-0.01900000000000001,8.42733,326.39,-65.2952,9.9451884375,326.179890625,-66.369721875,0.31503573127058465,1.525171275633113
-0.02000000000000001,8.41465,326.726,-63.9468,9.183254375,326.463125,-65.1554125,0.45966781235905163,1.7496593855957272
-0.02100000000000001,8.62333,326.815,-62.4044,8.8979359375,326.655546875,-63.7769578125,0.45815647285129707,1.9001554566130754
-0.022000000000000013,7.93141,326.079,-60.9069,8.4062003125,326.3749375,-62.337140625,0.4258880358731113,2.0978802524120788
-0.023000000000000013,8.4463,325.338,-59.3063,8.4132103125,325.86896875,-60.816331250000005,0.2903197568385516,2.465854714476602
-0.024000000000000014,9.74136,320.495,-56.6833,9.06542890625,323.18834375,-58.7422734375,0.08263580318219099,3.064645333933855
-0.025000000000000015,12.1547,318.247,-54.6368,10.596825625000001,320.71234375,-56.6787375,0.06168472988197039,3.5671767429028787
-0.026000000000000016,12.2623,315.065,-52.9003,11.42946375,317.89129687499997,-54.778984375,0.02976952516951753,4.142573231733431
-0.027000000000000017,14.2828,307.847,-49.6349,12.8577621875,312.86984375,-52.1948921875,0.010463449089755352,4.6167546593976665
-0.028000000000000018,16.4777,299.491,-45.5751,14.66232546875,306.174671875,-48.873296875,0.039401424605661095,4.931942099460616
-0.02900000000000002,13.1367,293.714,-43.0001,13.9035353125,299.93854687500004,-45.92419375,0.059092917827825456,5.426709780358494
-0.03000000000000002,16.2122,287.24,-40.3415,15.0679853125,293.5514375,-43.1123546875,0.2719483007163967,5.98434054585876
-0.03100000000000002,18.1193,282.99,-37.8632,16.612496874999998,288.25315625,-40.4717890625,0.2866623666596831,7.009897982780402
-0.03200000000000002,12.1914,281.785,-35.2137,14.402789062499998,284.99421875,-37.829178125,0.1807963683675195,7.882719306881642
-0.03300000000000002,3.06332,281.651,-31.8137,8.7488396875,283.26621875,-34.795928125,0.035117024583047295,8.05994540187776
-0.03400000000000002,-8.08783,273.983,-23.697,0.3476524999999997,278.559328125,-29.214746875000003,0.005251256375961284,7.867854067210252
-0.035000000000000024,-16.8731,260.904,-16.8815,-8.2888253125,269.68653125000003,-23.028006249999997,0.009647407964672011,7.616605738352686
-0.036000000000000025,-26.1387,255.41,-14.1534,-17.189735312499998,262.4976875,-18.5699328125,0.09458489514020937,7.427337785986385
-0.037000000000000026,-29.8887,251.192,-9.23103,-23.5243184375,256.811640625,-13.8811196875,0.24749907236810148,7.446287572604572
-0.03800000000000003,-33.6586,249.27,-8.11633,-28.6377709375,253.03140624999997,-10.978025625,0.35321909889347514,7.1946668341585065
-0.03900000000000003,-32.7521,248.415,-6.73426,-30.76624859375,250.72215625,-8.8295803125,0.21381352735736078,6.7280907099751115
-0.04000000000000003,-26.3901,247.998,-1.84265,-28.665292656250003,249.300171875,-5.272703437500001,0.11355258372123578,5.63707218818519
-0.04100000000000003,-28.6371,244.861,-0.584471,-28.71983125,246.97840624999998,-2.875341125,0.18337234903411936,4.414818844954287
-0.04200000000000003,-33.1199,247.24,3.44039,-30.992253125,247.06628125,0.3038377187499999,0.08924633972496515,3.826240908182804
-0.04300000000000003,-35.8489,246.797,6.89517,-33.4498734375,246.8986875,3.637959875,0.11465849999281152,3.528912198433652
-0.04400000000000003,-38.7766,247.406,10.726,-36.1426890625,247.137328125,7.19068853125,0.1565018317626812,3.5516007321955794
-0.04500000000000003,-40.7052,248.811,14.1699,-38.4168625,247.96748437500003,10.6910916875,0.12905250879800556,3.849094730093919
-0.046000000000000034,-42.2653,250.761,17.8087,-40.291378125,249.360984375,14.288111546875001,0.13933786799428213,3.895137980584349
-0.047000000000000035,-36.7593,253.843,19.5356,-38.542893750000005,251.57748437499998,16.921685296874998,0.03312040612642322,4.072350307040099
-0.048000000000000036,-35.8089,254.627,21.1277,-37.210918750000005,253.120828125,19.056136875,0.08939608214007146,3.845360228531165
-0.04900000000000004,-43.3375,256.285,25.0699,-40.2955296875,254.69945312500002,22.09000890625,0.00173944240844736,3.917648647133453
-0.05000000000000004,-46.1283,259.198,28.5277,-43.234787499999996,256.953484375,25.3387828125,0.025303793152688128,3.9961803230375406
-0.05100000000000004,-48.1774,261.521,31.7974,-45.7211609375,259.24821875,28.594996875,0.08720721952813844,4.137871053412541
-0.05200000000000004,-48.3231,262.633,35.0698,-47.03431875,260.95584375,31.8608265625,0.1040402943578127,4.23375138394055
-0.05300000000000004,-47.5945,265.194,40.5602,-47.27139375,263.09900000000005,36.2240046875,0.18191278027311908,4.246719924909917
-0.05400000000000004,-46.274,266.937,45.8582,-46.765271874999996,265.024125,41.053540625,0.21312413814105885,4.5611961528772
-0.05500000000000004,-43.7862,267.605,50.4219,-45.334553125,266.32751562500005,45.76851875,0.09246257518788598,4.211865235812537
-0.05600000000000004,-42.193,267.352,53.5405,-43.7855796875,266.862515625,49.681523437500005,0.03639029136387571,4.186889740506137
-0.057000000000000044,-40.5243,267.272,58.2483,-42.1709484375,267.08540625,53.99045625,0.016077459652264293,4.230785902131288
-0.058000000000000045,-37.4319,267.513,61.4197,-39.8025625,267.307890625,57.73064375,0.0016350948053238813,4.325249885268316
-0.059000000000000045,-35.8082,269.216,65.2858,-37.7996890625,268.281953125,61.551115624999994,0.0012566207190087173,4.124561771933308
-0.060000000000000046,-33.4412,269.658,69.9817,-35.610128125,268.98359375,65.8077984375,0.0022486535399080716,3.9910141926390796
-0.06100000000000005,-31.6381,271.245,73.6813,-33.60467812500001,270.119515625,69.780203125,0.023321928659377766,3.9425004944787134
-0.06200000000000005,-29.7172,271.275,77.3516,-31.6484921875,270.69528125,73.590265625,0.025736548634369555,4.012494096416882
-0.06300000000000004,-27.4923,270.198,80.2327,-29.557359374999997,270.446015625,76.9482625,0.007894879312794206,3.96392268214134
-0.06400000000000004,-25.444,269.04,84.2112,-27.4765203125,269.74489062500004,80.6045078125,0.0037999845306190324,3.938362908287445
-0.06500000000000004,-22.4854,268.619,88.465,-24.968275,269.19525,84.5649578125,0.009749994111885464,3.8591451557558623
-0.06600000000000004,-20.4618,269.187,91.534,-22.6965453125,269.194578125,88.086165625,0.025179763616857663,3.712359470596726
-0.06700000000000005,-17.3761,269.671,94.9426,-20.0222359375,269.4451875,91.5432859375,0.09366083360562924,3.635473581958474
-0.06800000000000005,-15.9576,270.48,98.346,-17.9749109375,269.962828125,94.9733171875,0.11120053756163417,3.491086384042102
-0.06900000000000005,-16.29,271.235,101.885,-17.1150734375,270.5905,98.4516671875,0.037318827907554676,3.444745478282941
-0.07000000000000005,-17.1421,272.163,105.751,-17.112584374999997,271.36770312500005,102.13241562500001,0.003322765814152142,3.359085692164926
-0.07100000000000005,-17.003,272.508,108.879,-17.034678125,271.93456249999997,105.53894062500001,0.023488089022695596,3.199455669144339
-0.07200000000000005,-16.4733,271.429,110.686,-16.7381796875,271.68621874999997,108.136446875,0.03016929503794844,3.169187713938844
-0.07300000000000005,-14.1714,272.016,114.093,-15.430682812499999,271.854890625,111.141353125,0.038385721905892824,3.1888711360184243
-0.07400000000000005,-11.713,272.9,117.296,-13.560759375,272.383765625,114.245265625,0.06446774014005245,3.3221180487311117
-0.07500000000000005,-10.3849,273.483,120.337,-11.975426562500001,272.93928125,117.31878125,0.057482413458245916,3.4840674762878763
-0.07600000000000005,-9.03757,273.235,123.288,-10.5131553125,273.094390625,120.33359375,0.01928914735134303,3.6167643292256595
-0.07700000000000005,-6.94909,269.105,127.586,-8.730035937499999,271.102390625,123.984234375,0.05195088483763328,3.738806558416331
-0.07800000000000006,-4.94882,266.366,131.733,-6.835289687500001,268.725765625,127.87273437500001,0.1758867043363112,3.9858966840132477
-0.07900000000000006,-2.18264,268.438,137.113,-4.490981250000001,268.58646875,132.519484375,0.19782119417052157,3.981175933763361
-0.08000000000000006,-1.92253,271.077,142.157,-3.1875493750000006,269.838640625,137.363265625,0.21992054820555074,4.0618653729226075
-0.08100000000000006,-0.663127,276.2,142.065,-1.9149624062500004,273.023875,139.737890625,0.07237861367199658,4.217025208576516
-0.08200000000000006,3.30904,278.048,144.664,0.7075648124999998,275.534,142.224,0.05884906770172258,4.430325475467225
-0.08300000000000006,5.20243,279.675,147.483,2.9713136562499995,277.572234375,144.88707812500002,0.03002237114379258,4.406364151126516
-0.08400000000000006,7.72693,283.174,150.975,5.3647489375,280.35171875,147.9634375,0.015631207692639478,4.549824044210407
-0.08500000000000006,9.15481,287.002,153.493,7.281390249999999,283.693046875,150.77025,0.034502237218591594,4.5110363242681535
-0.08600000000000006,13.4601,289.924,156.109,10.372777234375,286.829140625,153.47903125,0.006381371527867858,4.548973241722376
-0.08700000000000006,16.9722,293.31,158.557,13.682327703125,290.10959375,156.017296875,0.001790913402939389,4.594666704938346
-0.08800000000000006,21.4826,295.77,161.765,17.61349640625,292.954234375,158.91145312499998,0.029479040841397863,4.505770140523844
-0.08900000000000007,25.5301,298.81,164.206,21.5865903125,295.894828125,161.58075,0.1028247022775966,4.463914529367377
-0.09000000000000007,27.5086,302.833,166.413,24.5673178125,299.39125,164.02415625,0.13104738699172436,4.263375059172939
-0.09100000000000007,27.5089,307.224,168.778,26.04926421875,303.33753125,166.42075,0.3429092898366616,4.2713061775627095
-0.09200000000000007,27.0684,310.66,169.551,26.5924671875,307.02159374999997,168.00631249999998,0.550785571734621,3.9002925354467974
-0.09300000000000007,26.9396,313.327,169.45,26.793471875,310.20075,168.74728125,0.8223173607566866,3.8142918730842728
-0.09400000000000007,30.1675,316.034,167.332,28.5157234375,313.13659375,168.064703125,0.8666576726733979,3.91847643705946
-0.09500000000000007,29.0894,315.581,159.123,28.834182812500003,314.382546875,163.61292187499998,0.6632241811702321,4.003894146978792
-0.09600000000000007,29.6204,310.37,163.082,29.242748437499998,312.407703125,163.364703125,0.3470913993962116,4.009680576713403
-0.09700000000000007,26.5945,307.36,156.351,27.918626562500002,309.91815625000004,159.876328125,0.16701718449129835,4.661416693476858
-0.09800000000000007,23.5158,306.62,147.473,25.713771875,308.295921875,153.680703125,0.46133758016462867,5.162232998564534
-0.09900000000000007,23.1639,308.15,142.066,24.4378296875,308.243796875,147.87256250000002,0.6621405501820905,6.654687527919459
-0.10000000000000007,22.0762,313.163,140.469,23.2822328125,310.724546875,144.154234375,0.7242066979894989,7.909041135251248
-0.10100000000000008,25.3837,332.227,144.06,24.32454375,321.47223437499997,144.042984375,0.40459553325471576,9.040948959818927
-0.10200000000000008,25.3898,335.936,138.668,24.861320312500002,328.66340625,141.386421875,0.4590329142405128,10.334853628402001
-0.10300000000000008,41.0556,355.918,150.951,32.9348203125,342.2671875,146.116125,0.13908938969308954,10.905521690851323
-0.10400000000000008,52.9748,362.342,156.881,42.930757812500005,352.2988125,151.42920312500002,0.024705186161134006,11.253606064004256
-0.10500000000000008,63.5865,373.884,165.714,53.2558796875,363.10335937499997,158.529359375,0.0025050553041957584,11.69512907373211
-0.10600000000000008,72.5923,383.723,170.107,62.915592187499996,373.45234375,164.30570312499998,0.020652069122010827,11.828103348396473
-0.10700000000000008,78.287,390.72,173.995,70.6271359375,382.23510937500004,169.17840625,0.08128342985410184,10.419038625216611
-0.10800000000000008,79.9531,400.358,176.992,75.290165625,391.32553125000004,173.043078125,0.09379257775366102,10.41388988363928
-0.10900000000000008,78.9058,405.599,181.158,77.220371875,398.618375,177.19650000000001,0.18043336727765263,8.131008404148963
-0.11000000000000008,81.4061,409.398,180.136,79.4063546875,404.058375,178.712578125,0.28867150001105424,7.052672609941745
-0.11100000000000008,81.4983,410.668,179.848,80.53523125,407.453359375,179.349296875,0.3113116189001429,5.565778729839982
-0.11200000000000009,81.5574,414.005,178.624,81.1166734375,410.806046875,179.02096875,0.4329765410439946,4.600386998865108
-0.11300000000000009,77.8613,420.172,179.272,79.5334765625,415.54368750000003,179.176859375,0.6594588142924556,4.147809105545988
-0.11400000000000009,75.8,420.826,176.388,77.67975468750001,418.260140625,177.80584375,0.6352046723314526,3.8974256652148025
-0.11500000000000009,75.736,420.97,173.3,76.69969531250001,419.656015625,175.58546875000002,0.4365743863025533,4.07066287697808
-0.11600000000000009,75.3714,418.598,167.793,76.05508125,419.1566875,171.68125,0.18487084751478772,4.416007513786274
-0.11700000000000009,73.3839,417.335,162.952,74.7202109375,418.255765625,167.31437499999998,0.11409811614798515,5.085132413421557
-0.11800000000000009,70.6685,412.029,154.648,72.69481718749999,415.168453125,160.97162500000002,0.023447605730787437,5.812948671738857
-0.11900000000000009,64.4032,411.585,149.905,68.5201328125,413.42490625,155.443375,0.0022582655988041675,6.533734718680833
-0.12000000000000009,56.7814,411.488,145.849,62.63466249999999,412.4615625,150.62365624999998,0.014590223190941642,9.034512218305427
-0.1210000000000001,54.3678,407.094,138.327,58.50073125,409.77890625,144.451203125,0.008694852856522902,10.614598714033592
-0.1220000000000001,52.9384,400.831,126.826,55.716717187499995,405.28642187500003,135.59557812499997,0.0012094912567736868,11.711526445516311
-0.1230000000000001,46.9802,397.92,114.288,51.33293125,401.59334375000003,124.90396874999999,0.0039591997895715445,12.720558600772879
-0.1240000000000001,29.7202,381.931,76.4607,40.505351562499996,391.72071875,100.617459375,0.017985785279461895,13.23193783915812
-0.12500000000000008,27.9595,375.444,69.4684,34.18347812499999,383.578890625,85.005875,0.00847290234305801,13.837075597813012
-0.12600000000000008,20.9975,368.956,58.0247,27.53094375,376.2666875,71.4836,0.02181712175221625,14.27914284668332
-0.12700000000000009,15.5031,361.381,47.6438,21.498165625,368.789515625,59.504934375,0.04720317309491531,14.442768561068227
-0.12800000000000009,10.3865,353.055,38.0323,15.931165624999998,360.873328125,48.678765625,0.08414329543034549,14.120851022178837
-0.1290000000000001,3.70343,346.896,29.0028,9.770749375,353.861921875,38.742829687500006,0.14327378650496586,13.642416866380213
-0.1300000000000001,5.14205,334.782,26.1348,7.3215559374999994,344.19704687499996,32.1432890625,0.0335057654247112,10.112564499835324
-0.1310000000000001,2.83922,325.813,23.2825,5.066632500000001,334.95434375,27.658267187499998,0.029732037149430773,9.899169022856952
-0.1320000000000001,5.38732,318.274,18.5634,5.172585625,326.56348437500003,23.0214296875,0.011437008168899452,9.144393334397915
-0.1330000000000001,4.66171,311.791,12.4627,4.874222812499999,319.11806249999995,17.6609640625,0.027891113292118883,8.476548089237983
-0.1340000000000001,2.16044,306.671,6.17966,3.47735796875,312.829484375,11.8452221875,0.04161812801704162,7.802039455753113
-0.1350000000000001,1.702,303.655,0.766489,2.5374675,308.194125,6.235312625000001,0.0644459087245575,7.313968292816385
-0.1360000000000001,-0.132745,299.025,-4.06268,1.21360046875,303.51492187499997,1.0639100624999998,0.059269625533143355,6.701480675786846
-0.1370000000000001,-1.81165,295.854,-10.2422,-0.317015625,299.61439062499994,-4.6114285625,0.04243337720233924,6.4768158599938985
-0.1380000000000001,-2.64065,293.356,-15.7706,-1.45892578125,296.426296875,-10.22788225,0.032142385925666636,6.252028243751723
-0.1390000000000001,-4.54199,292.055,-21.2913,-3.00612671875,294.19,-15.80725284375,0.014433230129755234,6.211552100345522
-0.1400000000000001,-6.02254,289.924,-26.5241,-4.53387453125,292.017,-21.214762671875,0.015072426054832687,6.159413130985034
-0.1410000000000001,-7.16488,287.947,-33.9909,-5.852958828125001,289.9584375,-27.645121734375003,0.017363912377406008,6.176565301936208
-0.1420000000000001,-9.85606,286.911,-39.555,-7.868843359375,288.39854687499997,-33.63778875,0.006637643296551982,5.965463338054503
-0.1430000000000001,-12.166,284.01,-49.1806,-10.030538125,286.1795,-41.457471874999996,0.01692063515542125,5.867868377581611
-0.1440000000000001,-14.2365,283.48,-56.2988,-12.139995625000001,284.810234375,-48.9213265625,0.03736644533589304,5.8393508742772555
-0.1450000000000001,-15.538,284.207,-60.9551,-13.85385203125,284.49845312499997,-54.98134375,0.06428542279478335,5.736866503096844
-0.1460000000000001,-14.0036,282.416,-63.978,-13.940292812500001,283.440578125,-59.520553125000006,0.03485153352223046,5.661243645851978
-0.1470000000000001,-12.7462,281.234,-71.4473,-13.352170937499999,282.32184374999997,-65.5422609375,0.028988639999134595,5.385014865874188
-0.1480000000000001,-11.9207,280.211,-76.7061,-12.6574603125,281.258328125,-71.16765000000001,0.02579384829771568,5.255705714773608
-0.1490000000000001,-10.8601,278.903,-80.4808,-11.776826562499998,280.058,-75.89942500000001,0.0250852582946987,4.636864342015536
-0.1500000000000001,-10.4299,277.865,-85.5258,-11.1195390625,278.957359375,-80.7682234375,0.058619844039130876,4.257402070915781
-0.1510000000000001,-8.85238,279.752,-90.289,-9.9961275,279.36035937500003,-85.5649890625,0.054634547135084935,4.143221218151816
-0.1520000000000001,-7.19151,279.62,-94.7962,-8.58183125,279.47618750000004,-90.2042109375,0.12401332227870751,4.0773812125130675
-0.1530000000000001,-5.77081,280.027,-97.5182,-7.166497187499999,279.742359375,-93.919559375,0.15151043981068887,3.5703774679014626
-0.1540000000000001,-3.46382,280.919,-99.489,-5.308709375,280.3226875,-96.7453640625,0.10823227035020891,3.376581883303681
-0.1550000000000001,-1.34125,282.755,-101.081,-3.3166937499999998,281.528625,-98.942671875,0.2627714898368606,4.078514608865189
-0.1560000000000001,0.0505124,284.809,-102.664,-1.6297297375000002,283.16070312500005,-100.84275,0.3190243001888602,4.146150297729422
-0.1570000000000001,2.28778,284.452,-103.79,0.34134950625000016,283.82109375,-102.3535875,0.2677590183123332,3.960977492111703
-0.1580000000000001,1.41724,288.119,-107.483,0.8922703000000001,285.969015625,-104.95350625,0.3702096428840938,3.834979578282922
-0.1590000000000001,21.8562,284.778,-98.317,11.385334368750001,285.3766875,-101.65651875,0.36020334835279305,3.876662520939187
-0.16000000000000011,21.8562,284.778,-98.317,16.63879054375,285.0843125,-100.00215624999998,0.3665236990879912,3.9423639017091996
-0.16100000000000012,22.2511,288.672,-99.7723,19.461527850000003,286.89250000000004,-99.899665625,0.32405031432452175,4.059775264660393
-0.16200000000000012,23.0683,292.235,-101.345,21.27578706875,289.579796875,-100.6347,0.3129838643791034,4.212327533464758
-0.16300000000000012,24.3724,295.145,-102.47,22.8415721875,292.359609375,-101.56114687499999,0.28367098443243033,4.386250581977255
-0.16400000000000012,24.4758,298.966,-104.353,23.651885,295.691453125,-102.985925,0.2726608915322916,4.523628660937915
-0.16500000000000012,24.796,303.071,-106.852,24.383621875,299.35512500000004,-104.847353125,0.006983597026619114,3.0380227482043387
-0.16600000000000012,25.2369,306.137,-108.976,24.810260937499997,302.7460625,-106.91167656249999,0.04244165763238398,3.3522420340101173
-0.16700000000000012,26.3017,308.81,-110.21,25.559065625000002,305.808453125,-108.5722078125,0.07568099151713753,3.2417498044092072
-0.16800000000000012,27.2107,311.712,-111.03,26.3912671875,308.7880625,-109.813390625,0.08226982816584602,3.274559881922162
-0.16900000000000012,29.1311,314.617,-111.11,27.771371875,311.725265625,-110.470484375,0.04641907479973805,3.3926621951776332
-0.17000000000000012,31.0181,317.052,-110.565,29.39554375,314.41848437500005,-110.532453125,0.010159584168474182,3.4071387434038054
-0.17100000000000012,33.4193,318.925,-110.784,31.4099234375,316.7038125,-110.67775,0.002286884796086233,3.2948925038994665
-0.17200000000000013,34.9802,324.385,-111.545,33.19850625,320.568359375,-111.12796875000001,0.0009160416074217526,3.2943731890136316
-0.17300000000000013,36.7999,328.491,-112.956,35.007521875,324.55056249999996,-112.051625,0.019328763591861007,3.3630720466006045
-0.17400000000000013,39.2581,331.958,-113.616,37.1399125,328.276953125,-112.84021874999999,0.05850524486820299,3.309538979974472
-0.17500000000000013,40.7164,334.502,-113.208,38.943159375,331.412171875,-113.024734375,0.07458961597882706,3.2305871804809576
-0.17600000000000013,42.9161,337.317,-112.057,40.944371875,334.383609375,-112.536609375,0.07703545329392186,3.1591566055169995
-0.17700000000000013,45.557,340.007,-110.891,43.2694453125,337.2099375,-111.715515625,0.08919815690569206,3.0683713566135693
-0.17800000000000013,47.2819,339.292,-109.655,45.2878671875,338.293625,-110.691203125,0.027024071040814644,2.695584613038704
-0.17900000000000013,49.3646,341.512,-109.824,47.340450000000004,339.934890625,-110.268625,0.05451968078526772,2.4534750290155176
-0.18000000000000013,50.5341,343.091,-109.308,48.95647968750001,341.54003125,-109.79346875,0.07012425363882022,2.2584766017605387
-0.18100000000000013,52.1998,343.43,-110.541,50.589532812499996,342.50489062500003,-110.164046875,0.002848305747550257,2.251782197809583
-0.18200000000000013,54.0926,343.634,-110.78,52.3582515625,343.0914375,-110.46303125,0.07024292704990996,2.2103087100671126
-0.18300000000000013,55.796,345.296,-111.402,54.09775781250001,344.21473437500003,-110.92340625,0.15203131290593058,2.164993170065782
-0.18400000000000014,56.7559,347.526,-109.98,55.440304687499996,345.86478124999996,-110.442046875,0.09480825241546353,2.376105724601732
-0.18500000000000014,58.5869,350.144,-108.75,57.0298734375,348.021734375,-109.59734375000001,0.11787932237794335,2.4354560342029843
-0.18600000000000014,59.5853,353.714,-108.192,58.3167234375,350.880203125,-108.890640625,0.20763296346642313,2.6163451703274276
-0.18700000000000014,60.169,356.539,-107.069,59.255874999999996,353.71225,-107.98945312500001,0.2888749351856271,2.823716026485635
-0.18800000000000014,62.3071,357.863,-102.764,60.796274999999994,355.78921875000003,-105.37859375,0.31826678449863427,3.0294173444019794
-0.18900000000000014,62.8251,358.756,-99.276,61.8239953125,357.28559375,-102.33215625,0.34066479265634325,3.175737636882549
-0.19000000000000014,65.2973,357.616,-96.2528,63.568146875000004,357.46821875,-99.28136874999998,0.22360360092378206,3.2496177822387664
-0.19100000000000014,68.078,355.41,-93.1865,65.837378125,356.4595625,-96.224325,0.0680709490630593,3.250648511854272
-0.19200000000000014,71.4849,352.921,-93.1508,68.6689390625,354.718171875,-94.683203125,0.04103855248994663,3.256696842742669
-0.19300000000000014,72.5758,352.397,-89.119,70.6269296875,353.57965624999997,-91.892328125,0.046234770062082674,3.389592422036592
-0.19400000000000014,73.3488,352.85,-85.5373,72.00456875,353.225171875,-88.68118125000001,0.036789829674928234,3.256237505092256
-0.19500000000000015,74.684,353.121,-82.787,73.34833125,353.18006249999996,-85.706840625,0.039529101434713595,3.249058979930173
-0.19600000000000015,75.4608,353.533,-79.4321,74.4238796875,353.347625,-82.5458515625,0.006310598920806961,3.1366873962882345
-0.19700000000000015,76.2452,353.165,-75.283,75.3562640625,353.239078125,-78.89047031250001,0.011894182529758063,2.9586166011371158
-0.19800000000000015,77.2219,352.966,-72.3641,76.3156984375,353.08309375,-75.62700625,0.08223179712091461,2.941265240486581
-0.19900000000000015,79.061,352.397,-70.2771,77.696871875,352.73595312500004,-72.9205546875,0.0704038550697247,2.776429512507547
-0.20000000000000015,80.9206,352.149,-68.3723,79.314775,352.446015625,-70.6184453125,0.0515191356313062,2.6614605267371005
-0.20100000000000015,82.9822,351.932,-66.9713,81.15891875,352.191125,-68.7733859375,0.027716815706883276,2.623061859409511
-0.20200000000000015,85.0027,351.03,-65.1639,83.086878125,351.61378125,-66.94243281249999,0.013338318643153789,2.5302466646822173
-0.20300000000000015,86.4175,350.481,-63.4129,84.75831718750001,351.04451562500003,-65.14525156250001,0.03672024761050133,2.4043304220749873
-0.20400000000000015,87.7892,349.362,-61.5884,86.2813890625,350.201703125,-63.344021874999996,0.06364120100204129,2.408789382815044
-0.20500000000000015,88.5433,348.256,-59.0333,87.42671250000001,349.22440625,-61.17235625,0.058982007527908185,2.4080095040183216
-0.20600000000000016,89.7832,347.419,-57.2749,88.619484375,348.319765625,-59.208746875,0.07021427891719095,2.322856643304707
-0.20700000000000016,90.2737,345.622,-54.4862,89.4626984375,346.9691875,-56.836528125,0.11058784344473387,2.2330081071707495
-0.20800000000000016,90.6332,343.645,-52.0069,90.063734375,345.300046875,-54.407593750000004,0.36168555834126614,2.092617536883108
-0.20900000000000016,91.1755,341.497,-50.4497,90.6306703125,343.394234375,-52.4149671875,0.5764576053259615,1.97391903675525
-0.21000000000000016,92.8014,340.581,-52.1642,91.7267515625,341.978875,-52.275329687500005,0.42111818331332734,1.8259468597470976
-0.21100000000000016,93.7364,339.979,-53.4117,92.7374671875,340.97029687500003,-52.823553125000004,0.21461397460793963,1.6592852038505108
-0.21200000000000016,94.625,339.507,-54.3108,93.6909203125,340.23210937500005,-53.553439062500004,0.17188511864310163,1.5604568877090959
-0.21300000000000016,94.8535,338.648,-54.4241,94.2760421875,339.426015625,-53.96698281250001,0.2065144526944745,1.3727750969645431
-0.21400000000000016,94.5304,337.508,-54.4036,94.4060296875,338.4515625,-54.165921875,0.22306698632514743,1.2487312060228168
-0.21500000000000016,94.1646,336.314,-54.7316,94.28955156250001,337.366,-54.4365953125,0.2759498687316553,1.2433195127873697
-0.21600000000000016,93.6433,335.226,-54.8958,93.97912812499999,336.28884375,-54.679592187500006,0.16795287137567516,1.1761268471721382
-0.21700000000000016,93.2171,334.17,-55.1316,93.60541875000001,335.22471875,-54.9153421875,0.10968087846117691,1.2043071250528374
-0.21800000000000017,92.2413,333.072,-55.419,92.93030156249999,334.144671875,-55.1741953125,0.03981729862404558,1.283909529293203
-0.21900000000000017,90.9758,331.59,-55.4336,91.95483593750001,332.860625,-55.304782812499994,0.03002375559033897,1.3596040048611056
-0.22000000000000017,90.0502,329.932,-54.8623,90.99999375,331.38740625,-55.08338125,0.007880174096762428,1.423991450524146
-0.22100000000000017,88.8788,328.566,-54.3581,89.9365390625,329.96737499999995,-54.723303125,0.011799208352405,1.4588211237582565
-0.22200000000000017,88.1195,326.837,-54.3312,89.02394687500001,328.3936875,-54.52853437500001,0.015703996386851823,1.469174263619695
-0.22300000000000017,87.4136,325.734,-53.9666,88.21544375,327.05559374999996,-54.249409375,0.03377829875900328,1.4364779757378103
-0.22400000000000017,86.8842,323.707,-54.1974,87.5421984375,325.37271875,-54.22565,0.03197988613986126,1.3189318490650812
-0.22500000000000017,86.4198,322.354,-54.4062,86.9711125,323.85178125,-54.316039062499996,0.40325900743639687,1.1692617394098417
-0.22600000000000017,86.1717,321.416,-54.7486,86.564175,322.62093749999997,-54.52785625,0.9559093861026221,1.0378771076415878
-0.22700000000000017,85.7884,321.256,-54.3523,86.16713593749999,321.927796875,-54.436139062500004,0.9712243584332255,0.9215873781773489
-0.22800000000000017,85.8739,322.135,-54.8853,86.0145859375,322.01789062499995,-54.660509375000004,0.9798834404372382,0.7969091020510453
-0.22900000000000018,86.0977,322.615,-55.2441,86.050628125,322.307828125,-54.949456250000004,0.9594044208467483,0.7477940843689656
-0.23000000000000018,86.4847,323.491,-55.2793,86.263528125,322.883578125,-55.11618125,0.691127062827415,0.6397252473356303
-0.23100000000000018,86.9241,323.986,-55.2339,86.5901859375,323.42421875,-55.176671875,0.08091199664244363,0.6037107278870276
-0.23200000000000018,87.2863,324.381,-55.2752,86.9363046875,323.89528125,-55.2286109375,0.0270916182502497,0.6515829128678475
-0.23300000000000018,87.6002,325.23,-55.358,87.2652578125,324.561390625,-55.290209374999996,0.04783767352844991,0.7354238547401192
-0.23400000000000018,88.1156,325.936,-55.0901,87.691096875,325.2555625,-55.194318749999994,0.01866200810447974,0.7070457505918033
-0.23500000000000018,88.3516,326.604,-54.8893,88.023096875,325.93353125,-55.0446125,0.0222212395227568,0.7284416812495108
-0.23600000000000018,89.0155,327.538,-54.7489,88.522321875,326.74260937500003,-54.89703125,0.2402447045541179,0.8047900553786196
-0.23700000000000018,89.3824,328.411,-54.7009,88.95579375,327.580671875,-54.7986109375,0.45644033778448306,1.0074251436844859
-0.23800000000000018,89.2539,328.878,-54.385,89.1076765625,328.232421875,-54.592128125,0.441174694168489,1.2509866472650144
-0.23900000000000018,88.9946,329.616,-53.7839,89.053590625,328.93084375,-54.1886609375,0.3896032823875847,1.4397383016107892
-0.24000000000000019,87.1194,330.466,-51.8336,88.09052187500001,329.7039375,-53.0090375,0.16949419243522396,1.597473376053755
-0.2410000000000002,84.3819,330.791,-49.2914,86.2380546875,330.2526875,-51.14865,0.03329612199953401,1.761626753820442
-0.2420000000000002,81.9232,332.02,-47.5225,84.08581406249999,331.143640625,-49.334478125000004,0.013241323700617048,1.9098986580711936
-0.2430000000000002,79.8407,332.966,-46.3177,81.9661234375,332.061640625,-47.825714062500005,0.029419486347243565,2.096651084664707
-0.2440000000000002,78.2097,333.029,-44.7815,80.0869078125,332.54896875,-46.3011390625,0.08362683729764643,2.243690796079811
-0.2450000000000002,76.5905,334.983,-44.3311,78.33667812499999,333.77175,-45.3114234375,0.010001267898838463,2.840792425923044
-0.2460000000000002,74.8873,336.776,-43.2345,76.5973390625,335.280515625,-44.257725,0.019225941074892946,3.020655007435176
-0.2470000000000002,73.305,339.061,-42.764,74.92978281250001,337.173296875,-43.4910015625,0.09752156493925136,2.9837138116327955
-0.2480000000000002,71.8826,339.386,-42.1666,73.38698281250001,338.28925000000004,-42.81498125,0.12783741591713124,3.0259726845938717
-0.2490000000000002,61.2124,340.249,-36.915,67.283421875,339.276515625,-39.855578125,0.20579416957947905,3.0809609515514844
-0.25000000000000017,59.5311,338.399,-35.0324,63.39451875,338.83825,-37.431987500000005,0.5044436278402563,3.912044983214529
-0.25100000000000017,57.8527,337.474,-34.2423,60.610959375,338.17139062499996,-35.833625,0.5871062217364189,4.53525001287313
-0.25200000000000017,54.5579,335.466,-32.7782,57.5711234375,336.832703125,-34.2973453125,0.6195534745571607,4.822555791142966
-0.25300000000000017,52.2859,333.948,-33.1774,54.91615,335.408203125,-33.733696875,0.6150045732705083,4.920749113539811
-0.25400000000000017,63.1521,318.304,-25.9547,59.02301249999999,326.85864062499996,-29.83953125,0.26418648769447645,4.951121492219758
-0.25500000000000017,67.4297,312.493,-24.5617,63.1429953125,319.6825625,-27.1595875,0.11762266939548252,3.983738327875011
-0.25600000000000017,69.2285,311.44,-23.3622,66.1726125,315.546828125,-25.2461859375,0.5123420060180235,3.8238674381415674
-0.2570000000000002,70.9737,311.75,-22.5519,68.56004375,313.6411875,-23.8928703125,0.7397088185428948,3.778648332106648
-0.2580000000000002,70.0485,310.763,-22.3388,69.27853125,312.18640625,-23.104396875,0.8826132305934997,3.6420236732294593
-0.2590000000000002,69.2251,310.277,-22.0599,69.234065625,311.21984375,-22.5852671875,0.911467096346939,3.722296992808541
-0.2600000000000002,66.654,311.256,-23.0935,68.028925,311.115703125,-22.782956249999998,0.788984974621464,1.9944781832762644
-0.2610000000000002,65.508,312.418,-23.2969,66.80188125000001,311.721453125,-23.0290453125,0.18002486260051345,1.6280521059651525
-0.2620000000000002,63.4203,312.659,-24.0319,65.12514374999999,312.182,-23.5211015625,0.005953196128050539,1.8062602478313396
-0.2630000000000002,61.026,312.271,-24.7464,63.089206250000004,312.22892187499997,-24.1274203125,0.0018701132630370907,2.1132129235633945
-0.2640000000000002,58.5548,311.56,-25.1282,60.814775,311.88675,-24.6261453125,0.11661801885075501,2.993914099374289
-0.2650000000000002,55.7365,313.874,-26.2716,58.2692046875,312.87657812500004,-25.44669375,0.054770269786882216,3.865240431151186
-0.2660000000000002,51.6247,315.177,-27.1772,54.926865625,314.0344375,-26.320021875,0.06452497746975555,4.5480677284033835
-0.2670000000000002,48.0086,313.173,-27.0385,51.4587796875,313.612796875,-26.68085,0.14267444488076247,5.1589560082019865
-0.2680000000000002,44.4008,330.974,-33.3896,47.9134796875,322.29528125,-30.0409671875,0.059166362635065604,5.511569123837336
-0.2690000000000002,33.3072,333.707,-33.7209,40.591634375,327.998109375,-31.886515625,0.01998214040325498,5.707231374839166
-0.2700000000000002,25.3079,339.558,-34.6646,32.9304609375,333.7725,-33.278540625,0.10556206552117357,5.766084925447598
-0.2710000000000002,19.6168,340.69,-34.8865,26.2516125,337.24932812500003,-34.091453125,0.1644858380564395,5.635050120801384
-0.2720000000000002,15.9446,341.642,-35.9843,21.0659828125,339.45584375,-35.0449515625,0.3680300912149081,5.46532206299434
-0.2730000000000002,12.8814,342.099,-36.2793,16.945440625,340.76176562499995,-35.6610421875,0.5670292491881563,5.3467088430102825
-0.2740000000000002,11.581,339.326,-35.4328,14.235034375,340.182953125,-35.5965390625,0.32463546210671085,3.9068466887325415
-0.2750000000000002,10.1442,338.293,-35.8358,12.1029484375,339.259328125,-35.7187578125,0.5092028962720453,2.895641029326985
-0.2760000000000002,9.10854,336.01,-35.8836,10.5432496875,337.680375,-35.8085515625,0.5238079770887394,2.049405832265703
-0.2770000000000002,8.74172,336.699,-35.6248,9.598023125000001,337.19853125,-35.718409375,0.44725571469888054,1.5644651580310311
-0.2780000000000002,8.92897,334.934,-35.5658,9.234807499999999,336.07370312500007,-35.650681250000005,0.7039074771798198,1.3395327902610998
-0.2790000000000002,9.74853,334.044,-35.169,9.4677375,335.062421875,-35.4121453125,0.8268364780265564,1.1913984385456522
-0.2800000000000002,9.60915,333.349,-35.4136,9.528284375,334.18404687500004,-35.406259375000005,0.893392638392723,0.9867139202686694
-0.2810000000000002,8.91047,335.292,-35.9187,9.2081521875,334.72995312499995,-35.665628125,0.9411756811428496,0.9333851163870317
-0.2820000000000002,8.01782,336.826,-35.8226,8.604894999999999,335.760140625,-35.744487500000005,0.35453969175514044,0.9937334371424622
-0.2830000000000002,8.17069,337.303,-36.0426,8.38492671875,336.53695312499997,-35.891521874999995,0.222584219872702,1.255021568295359
-0.2840000000000002,8.20541,338.139,-36.773,8.29663125,337.3241875,-36.3318,0.060884003735211426,1.529786744622929
-0.2850000000000002,9.25542,339.243,-36.76,8.7824284375,338.276640625,-36.5428,0.019876782026597796,1.8702114179856915
-0.2860000000000002,9.75884,342.856,-37.3083,9.2695453125,340.560890625,-36.9274609375,0.0071598108536028715,2.2146125269663006
-0.2870000000000002,10.1275,345.984,-37.5844,9.69306421875,343.287625,-37.2598765625,0.0029537093164433716,2.3245124583326375
-0.2880000000000002,10.5264,351.294,-37.7369,10.10275828125,347.302796875,-37.497637499999996,0.0011941527564785464,2.3827285673688223
-0.2890000000000002,10.4714,355.198,-37.839,10.2882734375,351.254125,-37.6700375,0.008838445989305664,2.524436029795238
-0.2900000000000002,11.1015,358.307,-37.8848,10.69515796875,354.78709375,-37.783125,0.008054517455543794,2.6835991676214133
-0.2910000000000002,12.3263,360.852,-38.4615,11.518932187499999,357.82817187499995,-38.1222109375,0.009232354845279686,2.7713268209158413
-0.2920000000000002,12.9402,361.806,-38.4892,12.2334990625,359.8453125,-38.309989062499994,0.029544083120662604,2.6977730891024163
-0.2930000000000002,12.9878,363.624,-38.5532,12.6135296875,361.75909375000003,-38.43375156249999,0.09938320433099823,2.8288505281029894
-0.2940000000000002,12.8035,366.68,-39.6434,12.71163125,364.26103125,-39.0397671875,0.1501820218262513,3.0725922898834113
-0.2950000000000002,12.8773,368.355,-40.811,12.794035937499999,366.338515625,-39.92618125,0.16233901690482833,3.6387527267361426
-0.2960000000000002,11.3873,371.881,-41.0454,12.095590625,369.13404687499997,-40.4861484375,0.21431641887535682,4.185553037659218
-0.2970000000000002,12.9486,373.191,-48.3612,12.531664062499999,371.18240625,-44.4281796875,0.08997544799857293,4.302182441138725
-0.2980000000000002,15.4721,379.204,-57.2903,14.006678125,375.20065624999995,-50.85945625,0.46621009900717986,4.883961121243747
-0.2990000000000002,17.2246,382.428,-68.0867,15.616010937499999,378.82853124999997,-59.473578124999996,0.9290166627226423,5.438203279643149
-0.3000000000000002,14.1835,385.981,-74.9821,14.898315624999999,382.42864062499996,-67.23635625,0.9476068297352385,5.728627095907178
-0.3010000000000002,18.5952,375.417,-66.3696,16.747334375,378.93590625,-66.8121,0.872353736698074,6.0211160242299915
-0.3020000000000002,19.3146,367.236,-60.12,18.019326562499998,373.1135,-63.467881250000005,0.6656377026322174,6.174040443259709
-0.3030000000000002,20.444,361.283,-55.3701,19.2438609375,367.208484375,-59.476145312499995,0.3261844481752533,5.853945533574975
-0.3040000000000002,23.2909,358.491,-52.3272,21.2870953125,362.89671875,-55.971431249999995,0.10292876974487689,5.3216936978129885
-0.3050000000000002,24.3882,355.9,-50.1792,22.851339062500003,359.423546875,-53.159662499999996,0.06656629330756036,4.9473062388368465
-0.3060000000000002,22.8374,353.355,-48.0224,22.8206109375,356.41703125000004,-50.644901562499996,0.0301695637612368,5.112333516765065
-0.3070000000000002,21.9663,350.725,-46.2604,22.427921875000003,353.488484375,-48.38536562499999,0.0017694885118236588,3.8527159568588596
-0.3080000000000002,21.3234,348.494,-44.6505,21.88128125,350.92732812500003,-46.4691078125,0.03390858655759339,2.972556809413168
-0.3090000000000002,21.4734,346.597,-43.4705,21.6861640625,348.71565625,-44.9326953125,0.1942023863718779,2.3259850804892546
-0.3100000000000002,21.7957,346.17,-41.7426,21.7631734375,347.421015625,-43.313875,0.5092221260540375,1.9506409115922114
-0.3110000000000002,22.8595,345.454,-41.1844,22.319909375,346.417265625,-42.232356249999995,0.7496177643157436,1.8903935326235708
-0.3120000000000002,24.0505,345.037,-40.5883,23.1730890625,345.70725000000004,-41.393478125,0.827488459524647,1.7286600131083127
-0.3130000000000002,25.2195,345.457,-41.6842,24.1894890625,345.561578125,-41.5250734375,0.8155516573277213,1.6431981867080039
-0.3140000000000002,25.7719,346.387,-41.6285,24.975671875,345.956859375,-41.564209375,0.7056945079851362,1.4744313142042733
-0.3150000000000002,23.6942,350.351,-38.9384,24.336107812499996,348.139109375,-40.2420859375,0.4720909532776057,1.3309652402737988
-0.3160000000000002,24.8707,351.991,-39.8941,24.605921875,350.06171874999995,-40.054593749999995,0.11032572901869331,1.4785501644210335
-0.3170000000000002,25.8768,353.898,-42.2031,25.249671874999997,351.97426562500004,-41.1244859375,0.04906979546028299,1.7512202156861363
-0.3180000000000002,25.4881,353.422,-42.064,25.378190625000002,352.694875,-41.589585937500004,0.022620323768071358,2.0528036590652654
-0.31900000000000023,26.1395,353.026,-41.7961,25.767978125,352.86371875,-41.7014046875,0.009870227037679377,2.2416183720986558
-0.32000000000000023,26.1237,358.561,-41.116,25.9501546875,355.71962499999995,-41.4082671875,0.003357599356562127,2.3772725184896824
-0.32100000000000023,25.5512,363.408,-41.3593,25.7344453125,359.59478125,-41.3627671875,0.015149202879861766,2.293449243677149
-0.32200000000000023,24.7663,367.256,-41.5248,25.2595640625,363.438203125,-41.45125,0.014946880690184962,2.30590535023671
-0.32300000000000023,25.0827,369.49,-41.2268,25.1789921875,366.479,-41.3570640625,0.032926565070368605,2.2842800868486504
-0.32400000000000023,25.4889,370.951,-40.9447,25.330909375,368.71128125,-41.1497953125,0.044960074347150866,2.3434365695456303
-0.32500000000000023,25.8769,374.032,-41.1714,25.60899375,371.368546875,-41.1585046875,0.21325805075244714,2.3704370150765146
-0.32600000000000023,26.4819,375.615,-41.6044,26.045323437500002,373.535015625,-41.3761390625,0.8167885471164384,1.8997204954490188
-0.32700000000000023,27.3629,376.721,-42.1307,26.699639062499998,375.165875,-41.7553203125,0.9922689254957572,1.5548021202685687
-0.32800000000000024,26.7922,376.246,-42.9165,26.739787500000002,375.736,-42.337203125,0.9525262375776503,1.3146904025166692
-0.32900000000000024,27.348,374.935,-42.4902,27.046365625,375.352953125,-42.4113734375,0.9408661519368736,1.235575979956335
-0.33000000000000024,27.5227,373.782,-42.6177,27.28770625,374.578890625,-42.5123328125,0.9347615711236281,1.2644956567140073
-0.33100000000000024,27.6343,371.927,-41.8116,27.464034374999997,373.277015625,-42.163737499999996,0.6293028220327562,1.1127527489073505
-0.33200000000000024,26.7976,371.932,-39.8975,27.135543749999997,372.61687500000005,-41.034001562499995,0.1354605428003212,1.113910430050516
-0.33300000000000024,26.106,371.185,-38.8644,26.6276546875,371.90957812500005,-39.9533125,0.058864725824468375,1.1856311785091898
-0.33400000000000024,25.8644,370.33,-37.0446,26.24156875,371.11607812499994,-38.5050953125,0.024253556099375136,1.229256888113636
-0.33500000000000024,25.512,370.498,-36.4971,25.8811265625,370.79679687500004,-37.4977671875,0.027084488500374853,1.159101621911007
-0.33600000000000024,25.083,369.434,-35.5674,25.483428125,370.106390625,-36.5335796875,0.05751269309916521,1.130699011988209
-0.33700000000000024,24.6269,368.473,-34.9123,25.0560359375,369.27520312499996,-35.7166421875,0.0721558053022549,1.009018452720468
-0.33800000000000024,24.2967,367.677,-34.584,24.66983125,368.476140625,-35.1353671875,0.15821807202949797,0.8450438207822003
-0.33900000000000025,24.389,367.431,-34.3887,24.524012499999998,367.947734375,-34.7539625,0.6588630239345201,0.7864323627747287
-0.34000000000000025,23.7141,367.132,-34.2008,24.117168749999998,367.5331875,-34.4631640625,0.8292028676679987,0.6087000351738772
-0.34100000000000025,23.6728,367.088,-34.0097,23.892231250000002,367.31190625,-34.2321546875,0.7913758151483825,0.6037777630057651
-0.34200000000000025,23.457,367.787,-34.4468,23.6712640625,367.541140625,-34.3322140625,0.3689113456213992,0.4886495957062539
-0.34300000000000025,23.3141,369.102,-34.7166,23.48911875,368.3140625,-34.5192890625,0.4648088644488884,0.37611298909365304
-0.34400000000000025,23.2731,368.446,-34.5135,23.3785296875,368.3738125,-34.5138296875,0.3161135253805945,0.3010869685372478
-0.34500000000000025,22.4793,368.364,-34.4213,22.9296359375,368.366984375,-34.4660390625,0.9796350023804447,0.2929015028948687
-0.34600000000000025,22.6836,367.877,-34.4325,22.801345312499997,368.11965625000005,-34.447801562500004,0.449728925315781,0.263015819607408
-0.34700000000000025,22.7397,368.057,-34.4995,22.7702,368.087984375,-34.4721578125,0.20387436783399857,0.29406129442923096
-0.34800000000000025,22.7491,368.17,-34.4475,22.7579640625,368.13445312500005,-34.463243750000004,0.006666952124404061,0.27118916543643945
-0.34900000000000025,22.6521,368.273,-34.5058,22.703915625,368.214,-34.4866296875,0.41466038655949267,0.2701099683589573
-0.35000000000000026,22.7633,367.818,-34.1791,22.7332875,368.010875,-34.331278125,0.6000984244779229,0.22817201162398765
-0.35100000000000026,22.0678,368.338,-34.3057,22.3943421875,368.173796875,-34.31776875,0.9112553119699167,0.23044057137634058
-0.35200000000000026,22.0717,368.936,-34.6659,22.2346171875,368.55109374999995,-34.491921875,0.9991068360666749,0.2406528502511367
-0.35300000000000026,21.7372,368.725,-34.4736,21.986346875000002,368.639453125,-34.483284375,0.9669296659536676,0.26222235690647266
-0.35400000000000026,21.8456,368.739,-34.5,21.916046875,368.690109375,-34.4912359375,0.7492991736734399,0.39040616920542826
-0.35500000000000026,22.5217,368.187,-34.4043,22.218115625000003,368.439359375,-34.448223437500005,0.9615372756111032,0.45807569659240455
-0.35600000000000026,22.6924,368.126,-34.4999,22.4561265625,368.279125,-34.471509375,0.11764919269684442,0.4764768188221159
-0.35700000000000026,23.0067,368.683,-34.7542,22.7259796875,368.485125,-34.61384375,0.05596943842829027,0.42617370465258536
-0.35800000000000026,24.2364,370.508,-35.6283,23.4812203125,369.50123437499997,-35.123885937500006,0.9512498856259378,0.4303683798429114
-0.35900000000000026,23.9308,370.705,-35.8872,23.703396875000003,370.10146875,-35.504040625,0.9436311686167284,0.4304343837823617
-0.36000000000000026,23.7419,369.522,-35.4489,23.7234953125,369.81184375,-35.4766765625,0.9185977205200061,0.46471519635332637
-0.36100000000000027,23.8703,369.433,-35.5948,23.8021796875,369.618109375,-35.534990625000006,0.9849988523329943,0.45396216009181134
-0.36200000000000027,23.3429,369.25,-35.4523,23.5738734375,369.433578125,-35.4943921875,0.9754719408783573,0.5045571529670639
-0.36300000000000027,23.2884,369.217,-35.4031,23.4335921875,369.329640625,-35.45073281250001,0.9782272141561406,0.515506872710648
-0.36400000000000027,23.253,368.543,-35.1006,23.352903125,368.950578125,-35.282495312500004,0.04145281237006098,0.43050036350412824
-0.36500000000000027,23.1043,367.986,-34.8049,23.2262140625,368.469828125,-35.0457203125,0.10892145745356573,0.4360859874235529
-0.36600000000000027,22.8297,367.341,-34.5459,23.026481249999996,367.896171875,-34.7923859375,0.5819541009455337,0.3874638683800797
-0.36700000000000027,22.289,367.295,-33.9371,22.65874375,367.594890625,-34.365882812500004,0.7372998033635537,0.4303102001502016
-0.36800000000000027,22.2185,367.467,-34.0733,22.4345015625,367.529515625,-34.218478125000004,0.7895490130536141,0.4180070607239172
-0.36900000000000027,22.2318,367.426,-33.8941,22.332725,367.47749999999996,-34.0559046875,0.816713214471036,0.46242411710716463
-0.3700000000000003,22.1015,368.691,-33.7429,22.2168359375,368.078984375,-33.8970390625,0.5436872495524281,0.4448398570835195
-0.3710000000000003,21.6045,368.846,-33.8838,21.90950625,368.458140625,-33.888109375,0.5862639318801001,0.4530359546739685
-0.3720000000000003,22.53,368.914,-33.7346,22.2176078125,368.68103125,-33.80933125,0.17597945157840947,0.4963725550808807
-0.3730000000000003,23.1228,368.724,-33.3233,22.665979687500002,368.70215625000003,-33.561559375,0.3061182243489785,0.6210128628962844
-0.3740000000000003,23.1491,369.231,-32.8389,22.906989062500003,368.967921875,-33.201293750000005,0.2822977359039322,0.7156639564545719
-0.3750000000000003,22.7949,368.806,-31.9132,22.8510484375,368.886640625,-32.555846875,0.17560834825230834,0.8776535401857458
-0.3760000000000003,21.9336,369.813,-31.1447,22.39130625,369.359703125,-31.849092187500002,0.1530948767369969,0.8792023542670809
-0.3770000000000003,20.0841,371.615,-30.057,21.2338203125,370.4885625,-30.954146875,0.06721453306019232,0.9259991809381323
-0.3780000000000003,20.027,371.935,-30.0003,20.637640625,371.2123125,-30.476057812500002,0.16083928266902436,0.9762910689233668
-0.3790000000000003,20.305,374.454,-29.4487,20.4759515625,372.831671875,-29.959165624999997,0.7867729446667857,1.0593436874463396
-0.3800000000000003,19.6713,374.257,-28.9877,20.073831249999998,373.548296875,-29.4696484375,0.8203810530638638,1.1227914364807845
-0.3810000000000003,20.2223,372.732,-28.7943,20.145298437500003,373.13682812499997,-29.1247421875,0.6352536137952609,1.175840397296703
-0.3820000000000003,20.1682,370.913,-28.0404,20.1500203125,372.03278125,-28.5765671875,0.1789087887749006,1.167695824155192
-0.3830000000000003,20.2533,369.475,-28.0617,20.187210937499998,370.76796875,-28.310635937500003,0.9728937125991055,1.1407353214585751
-0.3840000000000003,20.4383,368.429,-27.8316,20.312309374999998,369.600984375,-28.070675,0.9229861517699419,1.294043912740623
-0.3850000000000003,18.6688,369.331,-26.1415,19.492726562500003,369.485671875,-27.101778125000003,0.837624678890241,1.3265093145017217
-0.3860000000000003,17.8607,371.525,-27.814,18.6717625,370.503796875,-27.4542875,0.7278506498726208,1.385690861049687
-0.3870000000000003,21.8711,371.618,-30.1017,20.275735937500002,371.04898437500003,-28.7764828125,0.06976949769467826,1.3302191205562377
-0.3880000000000003,23.4549,370.475,-30.2868,21.864895312499996,370.74778125,-29.525751562499998,0.06704163426581337,1.2266872318977888
-0.3890000000000003,24.3837,370.02,-30.5938,23.124962500000002,370.37265625,-30.0599421875,0.11901086116694438,1.19772374068224
-0.3900000000000003,25.2849,370.199,-30.3289,24.2063765625,370.27765625,-30.192623437500004,0.30549421586060715,1.2143306289793296
-0.3910000000000003,25.6468,371.195,-30.8613,24.9127640625,370.743375,-30.5137578125,0.6381092351449453,1.2123747097903768
-0.3920000000000003,26.1218,370.359,-30.4432,25.51096875,370.568328125,-30.4915453125,0.5089756158703109,1.1437689767657049
-0.3930000000000003,26.3978,369.527,-30.2287,25.985715624999997,370.048390625,-30.377995312499998,0.14378558376825298,0.8216018323079355
-0.3940000000000003,26.261,369.328,-29.6583,26.13573125,369.67926562499997,-30.01959375,0.020747306862443454,0.7231302379111891
-0.3950000000000003,26.4807,368.336,-28.7909,26.315471875,369.004078125,-29.4076453125,0.23501668724727423,0.719410701842412
-0.3960000000000003,26.394,368.117,-28.2061,26.361776562499998,368.5619375,-28.804803125,0.4459890093366386,0.6960772355848315
-0.3970000000000003,28.3169,368.68,-29.5109,27.342165625,368.62874999999997,-29.1620109375,0.15057177738132002,0.7302956415326642
-0.3980000000000003,28.4537,367.437,-28.8974,27.901643749999998,368.02634375,-29.026439062500003,0.4903117187565935,0.6584438360129851
-0.3990000000000003,29.1406,369.174,-28.8744,28.523278125,368.593671875,-28.948743750000002,0.4000371488889111,0.7152647525902095
-0.4000000000000003,28.5917,368.693,-27.9562,28.556420312500002,368.64178125,-28.448015625,0.25921918873776967,0.7303054445550853
-0.4010000000000003,29.5738,368.426,-27.9752,29.066826562499998,368.526140625,-28.20483125,0.67629469363984,0.6943488758940973
-0.4020000000000003,29.4951,368.472,-27.8776,29.2802859375,368.497359375,-28.036646875000002,0.7160992865720414,0.7000471002830398
-0.4030000000000003,27.968,367.05,-26.2753,28.639165625,367.778078125,-27.1661671875,0.6647879541192958,0.6734494653134613
-0.4040000000000003,28.1609,367.22,-26.0869,28.401101562500003,367.48932812500004,-26.621740625,0.5220517581465569,0.7453457903883784
-0.4050000000000003,27.8833,367.232,-25.4731,28.147567187499998,367.374234375,-26.047240625,0.7983153247947333,0.7235314714671731
-0.4060000000000003,28.5108,367.758,-25.8223,28.324895312499997,367.562359375,-25.927596875,0.5858547945883718,0.7021868355602927
-0.4070000000000003,29.394,369.417,-26.2354,28.8671203125,368.48759375,-26.081646874999997,0.013432023305983037,0.6876554227877105
-0.4080000000000003,29.2181,371.022,-25.7533,29.0419953125,369.75515625,-25.9167109375,0.5659540765995082,0.7389390706822903
-0.4090000000000003,29.2054,370.838,-25.3891,29.1117671875,370.28546874999995,-25.6403875,0.7814907276897065,0.6002135749657155
-0.4100000000000003,29.1128,369.696,-24.8785,29.113790625,369.99206250000003,-25.257971875,0.14409875538298092,0.6432951342489817
-0.4110000000000003,29.5293,369.611,-24.5949,29.3193765625,369.801625,-24.921640625000002,0.3306230616499737,0.6977066087825982
-0.4120000000000003,28.1395,369.923,-24.5846,28.734340625,369.866421875,-24.7558484375,0.00893132837092546,0.7153043322370154
-0.4130000000000003,28.8273,370.783,-24.9201,28.7877203125,370.337671875,-24.841201562499997,0.01764173786420569,0.6238920010785381
-0.4140000000000003,28.3293,371.157,-23.8686,28.5571359375,370.75987499999997,-24.351134375,0.2001256974936606,0.6155548216833957
-0.4150000000000003,27.872,371.598,-23.2304,28.21446875,371.1775,-23.787921875000002,0.2496236403923716,0.7140910950507773
-0.4160000000000003,27.185,371.991,-22.5619,27.6990109375,371.575328125,-23.170921875,0.8531020149131096,1.279352335763207
-0.4170000000000003,27.6022,372.506,-23.1674,27.653859375,372.03999999999996,-23.1669453125,0.9296074405536826,2.0896816578556265
-0.4180000000000003,27.74,373.715,-22.6614,27.686071874999996,372.8799375,-22.9140921875,0.9038058196446173,2.806408473537427
-0.4190000000000003,28.0178,375.369,-22.1161,27.857309375,374.1311875,-22.5177171875,0.8992394424828227,3.311627108536638
-0.4200000000000003,32.5511,362.28,-21.3581,30.2003140625,368.208515625,-21.92969375,0.01016997001060921,3.754836123543508
-0.4210000000000003,36.8131,353.154,-20.8443,33.503134375,360.684703125,-21.3820109375,0.01971870237953417,4.167425267855047
-0.4220000000000003,39.6179,345.985,-19.8802,36.55515,353.337921875,-20.625882812500002,0.02778561732430015,4.3021299585075
-0.4230000000000003,38.9814,342.514,-18.6846,37.771534375,347.929984375,-19.659971874999997,0.005271271558032759,4.303827409063855
-0.4240000000000003,39.572,337.049,-18.6503,38.67284375,342.4989375,-19.1511828125,0.5310202786254069,4.319769680790432
-0.4250000000000003,40.1914,332.896,-18.5076,39.434292187500006,337.710390625,-18.82513125,0.9044807715681839,4.388288078321922
-0.4260000000000003,41.943,335.022,-18.489,40.7240625,336.2639375,-18.651143750000003,0.8697524437674894,3.127544716938099
-0.4270000000000003,40.6508,337.488,-18.5797,40.720728124999994,336.804671875,-18.611407812499998,0.05199559096751761,2.2437538752704347
-0.4280000000000003,41.6458,338.407,-18.8049,41.2051765625,337.549828125,-18.700621875000003,0.03158391081549879,1.63316617996643
-0.4290000000000003,42.1805,336.255,-18.6025,41.687865625,336.875296875,-18.6422203125,0.10913413525108902,1.4619807802621732
-0.4300000000000003,43.2175,335.792,-17.8149,42.457296875000004,336.290953125,-18.228292187500003,0.4335692259352057,1.1883195059394842
-0.4310000000000003,41.915,334.852,-17.4311,42.1909875,335.53903125,-17.82858125,0.6843355414979739,1.224772195680916
-0.43200000000000033,40.856,334.083,-17.1823,41.537178125,334.827625,-17.505295312500003,0.5636307000173554,1.1406951190349484
-0.43300000000000033,42.1123,332.067,-17.7179,41.81464375,333.466578125,-17.61230625,0.08119931235452375,1.1648014273034721
-0.43400000000000033,43.1737,331.289,-17.6189,42.5019453125,332.38496875,-17.6173625,0.03214154737684552,1.4325555258436955
-0.43500000000000033,44.8255,330.306,-17.6517,43.6679,331.328671875,-17.63295,0.0027866415157570537,1.5114141087303397
-0.43600000000000033,45.5059,330.019,-17.3353,44.595001562499995,330.67021875,-17.477971875,0.0026153923446662953,1.4961870803246282
-0.43700000000000033,45.7172,328.065,-17.0276,45.145925,329.360265625,-17.2497875,0.014117057118044665,1.482737460397244
-0.43800000000000033,47.285,323.531,-17.2155,46.2071890625,326.439625,-17.2307,0.9596235196927054,1.5660879208607985
-0.43900000000000033,48.3006,321.435,-17.338,47.263709375000005,323.92156250000005,-17.288534375,0.9928030245116248,1.6685532939791319
-0.44000000000000034,47.6747,322.894,-17.0329,47.477496875,323.401703125,-17.159943750000004,0.9934996557209773,1.6356504815558488
-0.44100000000000034,46.5338,325.46,-17.7821,47.018553125,324.423171875,-17.471278125,0.9989305032947176,1.4801908061113034
-0.44200000000000034,46.42,327.299,-18.2746,46.7245921875,325.85884375,-17.870467187499997,0.9968739009182173,1.4770481215952185
-0.44300000000000034,44.0452,331.967,-18.445,45.386546875,328.89765624999995,-18.1553296875,0.4932487592171585,1.5266777309008366
-0.44400000000000034,45.0849,330.702,-17.6146,45.247971875000005,329.76440625,-17.886432812499997,0.010179965363326248,1.2781171182534414
-0.44500000000000034,45.266,330.105,-17.667,45.264920312499996,329.918328125,-17.7776734375,0.05057942491037854,1.46787588482959
-0.44600000000000034,45.3411,331.03,-17.3623,45.2981203125,330.4855625,-17.567603125,0.9619086493775698,1.5277753007612853
-0.44700000000000034,44.358,334.812,-17.5134,44.819146875,332.668828125,-17.5463546875,0.9911038241092044,1.345822640861412
-0.44800000000000034,44.707,334.03,-17.4603,44.762184375000004,333.36378125,-17.507175000000004,0.9831741891009722,1.285187638603615
-0.44900000000000034,45.5418,329.573,-16.8668,45.1334390625,331.50485937499997,-17.18831875,0.04717453532851495,1.214145374146885
-0.45000000000000034,47.391,327.841,-16.5782,46.270342187500006,329.66304687499996,-16.876771875000003,0.09930419410556238,1.3065563691835167
-0.45100000000000035,46.7874,327.895,-16.5865,46.5302859375,328.774359375,-16.732045312500002,0.06274812497390422,1.4893950945648802
-0.45200000000000035,47.2224,326.874,-16.4867,46.876929687499995,327.83140625,-16.606992187499998,0.018113629769750266,1.581868934601351
-0.45300000000000035,48.4433,325.521,-16.5676,47.652434375,326.70574999999997,-16.5884765625,0.03818100242504164,1.5805449487997054
-0.45400000000000035,47.9823,322.336,-16.9981,47.82009375,324.514765625,-16.7928734375,0.02310926605753513,1.531158993658725
-0.45500000000000035,49.0038,320.838,-16.7,48.41846875,322.6415625,-16.741799999999998,0.1265488793021257,1.1479111446403696
-0.45600000000000035,48.5261,319.473,-15.9621,48.48673125,321.04375000000005,-16.3496953125,0.0698596329488409,0.9996670032231935
-0.45700000000000035,48.634,318.908,-15.8609,48.55565,319.976296875,-16.1053625,0.6486424013683922,1.029855832671765
-0.45800000000000035,48.3492,319.314,-16.041,48.4558234375,319.63717187500004,-16.072401562499998,0.6986929506810537,0.9795748122418837
-0.45900000000000035,48.4298,318.472,-16.2008,48.45235,319.044015625,-16.137232812500002,0.9287905781503908,0.8815697485192396
-0.46000000000000035,47.9566,318.283,-15.8706,48.2008734375,318.638625,-16.007279687500002,0.9300677866996012,0.6024695812779118
-0.46100000000000035,47.5922,319.307,-15.5815,47.904517187500005,318.961109375,-15.7920609375,0.6518476095843382,0.5054897214920867
-0.46200000000000035,47.8245,320.089,-15.4634,47.8607765625,319.51439062500003,-15.621965625,0.7719764671233283,0.44828527611163044
-0.46300000000000036,47.647,320.721,-15.5506,47.75473125,320.11328125,-15.5854921875,0.9550339390639269,0.5610965627831587
-0.46400000000000036,47.7806,319.915,-15.2524,47.765440625,320.0173125,-15.420353124999998,0.7051387810492026,0.6117060253219478
-0.46500000000000036,48.0966,319.143,-14.9085,47.931650000000005,319.57357812500004,-15.165675,0.4956739680333392,0.6070802539206583
-0.46600000000000036,48.7163,318.304,-14.674,48.320278125,318.93731249999996,-14.9172578125,0.17747821057163868,0.6609946947844277
-0.46700000000000036,49.6789,316.638,-14.3729,48.9967421875,317.79565625,-14.6428203125,0.7887303414884146,0.6284127614755984
-0.46800000000000036,49.5827,318.932,-14.0941,49.2915359375,318.3699375,-14.367537500000001,0.17527127222696623,0.6176444828739875
-0.46900000000000036,49.65,318.823,-14.133,49.46938125,318.60140624999997,-14.25095,0.003359309384814135,0.7200437420549504
-0.47000000000000036,49.8055,320.266,-13.9048,49.638484375000004,319.42740625,-14.0755453125,0.48226000631125054,0.7402637015988188
-0.47100000000000036,50.6922,319.529,-13.8136,50.1678109375,319.472171875,-13.9418859375,0.6235589592295053,0.7201026845289328
-0.47200000000000036,50.609,318.901,-13.787,50.393246875,319.18003125,-13.862610937500001,0.6718315075511072,0.7333993295552393
-0.47300000000000036,50.0937,317.161,-13.2719,50.25099375,318.1575,-13.564903125,0.6107641688332288,0.7417598322368681
-0.47400000000000037,50.0281,316.257,-13.2378,50.1387953125,317.225171875,-13.3991734375,0.007868180567699756,0.6143627942794099
-0.47500000000000037,50.0051,316.195,-13.0673,50.0724734375,316.70923437500005,-13.233540625,0.06921833157959409,0.659769171429443
-0.47600000000000037,49.6651,315.204,-12.5457,49.8700015625,315.967890625,-12.8878375,0.35954494057567454,0.7325534284355926
-0.47700000000000037,50.2101,315.024,-12.9119,50.046978124999995,315.4901875,-12.89915625,0.3175893778559452,0.7551198582772832
-0.47800000000000037,50.8148,314.817,-12.92,50.43023906249999,315.1486875,-12.909370312499998,0.1482694231966152,1.0263798824191053
-0.47900000000000037,51.3746,314.766,-12.7917,50.89839375,314.94375,-12.8465109375,0.03805965787344037,0.9910339039624966
-0.48000000000000037,52.7081,313.848,-12.7699,51.802734375,314.3888125,-12.807939062500001,0.07645507784370531,1.134482082957955
-0.48100000000000037,52.8475,312.991,-14.3436,52.3249375,313.689421875,-13.5744375,0.46800191601696634,1.475132376383008
-0.4820000000000004,56.3939,308.429,-13.8675,54.3567625,311.05146875,-13.71689375,0.8811711680667148,1.8205099765626387
-0.4830000000000004,55.8185,308.579,-14.2025,55.0918890625,309.813828125,-13.9625578125,0.9041943323125248,1.8981147148859656
-0.4840000000000004,56.2716,314.104,-14.6125,55.68646875,311.957296875,-14.2875921875,0.7342068859854678,2.032279309344241
-0.4850000000000004,56.2887,318.995,-14.7112,55.991957812500004,315.47575,-14.49839375,0.565249016372769,2.2814200337478736
-0.4860000000000004,53.7548,323.078,-16.6681,54.883796875,319.269703125,-15.5830765625,0.33394118703005826,2.4736672306840664
-0.4870000000000004,52.8405,320.839,-16.7214,53.8632375,320.04765625,-16.1645328125,0.09849204608491102,2.7261690448476847
-0.4880000000000004,51.0714,322.647,-16.927,52.495025,321.31168749999995,-16.542046875,0.007046514856695793,2.6171096972824666
-0.4890000000000004,48.0931,325.127,-17.8169,50.2895671875,323.22051562499996,-17.182090625,0.012340027345983095,2.5959876388652456
-0.4900000000000004,46.06,327.866,-18.0499,48.1783234375,325.586421875,-17.6191984375,0.3728041938793278,2.2437002866463542
-0.4910000000000004,45.5902,332.357,-18.4697,46.884395312500004,329.00992187500003,-18.0452203125,0.9714902228383222,2.003586533496778
-0.4920000000000004,46.2419,331.947,-18.6927,46.5433515625,330.510359375,-18.3842484375,0.9660434780725311,1.7001564669847937
-0.4930000000000004,46.9673,330.712,-18.2713,46.748182812500005,330.5936875,-18.328190624999998,0.9746625565299668,1.7846847484828603
-0.4940000000000004,47.2033,327.329,-18.291,46.9619203125,328.97546875,-18.311201562500003,0.9649005048094482,1.7322094186966344
-0.4950000000000004,47.9715,326.001,-17.9816,47.4434421875,327.507609375,-18.153353125,0.9924502910031957,1.5289686816027377
