30.4547,314.405,-75.5988,30.725414160156248,315.34491601562496,-75.82083779296875,31.302784375,316.0960625,-75.89065937500001,32.03317138671875,315.88862304687495,-75.23887119140625
30.1327,311.144,-73.8929,30.280878540039062,312.19422900390623,-74.37488444824218,30.7177421875,313.62003125,-74.8917796875,31.55805354003906,314.7024672851562,-74.90237839355468
27.5691,311.342,-72.5245,28.247044635009765,311.5550572509766,-72.98709611206056,29.14342109375,312.481015625,-73.70813984375,30.560815155029296,313.8623504638672,-74.30790879516601
25.6279,311.703,-71.6941,26.28268615875244,311.6660143127441,-72.01734902801515,27.385660546875002,312.0920078125,-72.701119921875,29.32758636627197,313.3225128479004,-73.65445659637452
21.5897,312.611,-69.7365,22.762946539688112,312.374753578186,-70.3067122570038,24.4876802734375,312.35150390625,-71.2188099609375,27.393114774703974,313.1446346359253,-72.67496744728089
17.6905,313.923,-69.081,18.95861163492203,313.5359383945465,-69.38742806425094,21.089090136718752,313.137251953125,-70.14990498046876,24.96746108102798,313.33922597694396,-71.77647558546067
14.6049,315.903,-69.3172,15.693327949237824,315.31123530197146,-69.3347574432373,17.84707802734375,314.52156640625003,-69.73442734375001,22.38399656038284,314.1047631340027,-71.23732938232422
13.3329,317.815,-69.5707,13.923007483005524,317.18905922317504,-69.51171488075256,15.591004199218752,316.16909765624996,-69.653628515625,20.20903349161148,315.1027705574036,-70.91277842140198
14.6518,320.264,-69.6876,14.469601454639434,319.4952650680542,-69.64362872085572,15.12054990234375,318.2170859375,-69.670615625,18.746012135791776,316.439536567688,-70.60660207443237
15.0787,321.567,-69.323,14.926424864482879,321.0490660915375,-69.40315714244842,15.098602636718748,319.89168359375003,-69.49673046875,17.740756397533417,317.69031736564637,-70.27901151027679
14.3931,323.677,-68.9456,14.526431100845336,323.0200156450272,-69.05998907346725,14.745615234375,321.7825439453125,-69.22073076171876,16.88342160987854,319.0314782533645,-69.90807780866622
13.3086,324.658,-68.3327,13.613057698440553,324.24850313377385,-68.51452186164856,14.026950390625,323.2186796875,-68.775882421875,15.976116493606568,320.30037991142274,-69.4421844379425
11.6395,326.258,-67.6429,12.13288881340027,325.7556258306503,-67.86080513916016,12.8319734375,324.7384365234375,-68.208723046875,14.783688375473023,321.79814749050144,-68.93456876831054
10.1219,327.072,-66.6775,10.624646740531922,326.7429065437317,-66.97332608680725,11.4759888671875,325.90539453125,-67.4427060546875,13.536254435539245,323.13185750198363,-68.33522951927186
8.42733,326.39,-65.2952,8.976658222351075,326.478226852417,-65.7147310549736,9.94968765625,326.148140625,-66.36799716796875,12.088469400329586,323.98474263000486,-67.49254263715744
8.41465,326.726,-63.9468,8.555151125946043,326.6640570259094,-64.38878260746003,9.180264921875,326.4377109375,-65.157078515625,11.00533130783081,324.7254694709778,-66.57842184619903
8.62333,326.815,-62.4044,8.606284545822142,326.77726472854613,-62.90049570817948,8.900290820312499,326.627322265625,-63.780854589843756,10.279510245132446,325.33147767257685,-65.54489232378006
7.93141,326.079,-60.9069,8.100128333187103,326.2535666379929,-61.405298987483974,8.41522931640625,326.3540947265625,-62.34400107421875,9.638762090816495,325.59911183452607,-64.39610084981918
8.4463,325.338,-59.3063,8.35975739774704,325.5668922433854,-59.83104977474213,8.43140865234375,325.84724316406255,-60.8252076171875,9.396350489025115,325.63726772403714,-63.12858792476654
9.74136,320.495,-56.6833,9.395959451217651,321.7629733715057,-57.47023735675812,9.0865927734375,323.1717578125,-58.75407578125,9.50063304634094,324.40673317527774,-61.5018670129776
12.1547,318.247,-54.6368,11.465014699344636,319.12599384593966,-55.34515924921036,10.620311621093752,320.71040917968753,-56.69525361328125,10.135193375492095,322.95591601848605,-59.76966071939468
12.2623,315.065,-52.9003,12.06297841627121,316.0802486953735,-53.51151466617584,11.44077626953125,317.88818359375,-54.7974775390625,10.621166026592253,321.02461968231205,-58.026434624671936
14.2828,307.847,-49.6349,13.727844206123352,309.9053125553131,-50.60405350208282,12.86097314453125,312.868373046875,-52.215851953125004,11.466079854393005,317.79779097938535,-55.899417171669
16.4777,299.491,-45.5751,15.790235689706801,302.094578332901,-46.832338145351414,14.668595556640625,306.18008398437496,-48.89500458984375,12.654888848352432,313.25547263526914,-53.27756407842636
13.1367,293.714,-43.0001,13.800083518409728,295.8091444206238,-43.95815920677185,13.901820351562499,299.946708984375,-45.94687734375,12.703771241798401,308.34130011367796,-50.6498164302826
16.2122,287.24,-40.3415,15.609170876579284,289.3822861852646,-41.245664480209356,15.057003984375,293.5935185546875,-43.143530273437506,13.580342889823914,303.0801660909653,-48.01578746528625
18.1193,282.99,-37.8632,17.49176776889801,284.5880715675354,-38.708815752315516,16.58825388671875,288.291802734375,-40.50261201171875,14.723895795555112,298.0613834953308,-45.412497125148775
12.1914,281.785,-35.2137,13.516491777257919,282.4857677164078,-36.08747858104706,14.389489091796875,285.0380419921875,-37.857424804687504,14.061548511343002,293.96120256137846,-42.79955072765351
3.06332,281.651,-31.8137,5.676613067073822,281.8596917524338,-32.88214426364899,8.72665595703125,283.3441591796875,-34.834780859375,11.333737832698821,290.8523556852341,-39.985486487007144
-8.08783,273.983,-23.697,-4.64671892446518,275.9521717834473,-25.993285440540312,0.32004533203124996,278.66121484375003,-29.26460966796875,6.533042909793852,286.43047200012205,-35.80258210344315
-16.8731,260.904,-16.8815,-13.816504155731202,264.6660424098968,-19.159445872211457,-8.275348945312501,269.781509765625,-23.07205556640625,0.7834349255371098,279.9539094142914,-30.985877371692663
-26.1387,255.41,-14.1534,-23.058151013278962,257.7240098438263,-15.404911054039001,-17.20697193359375,262.594201171875,-18.6118798828125,-5.942554305210114,273.6835398578644,-26.70441671504975
-29.8887,251.192,-9.23103,-28.181062271595003,252.82500074005128,-10.774499484977722,-23.54684939453125,256.889576171875,-13.9198605078125,-11.843754636554719,267.75580168151856,-22.198155423088075
-33.6586,249.27,-8.11633,-32.28921504459381,250.1587481927872,-8.780871403312684,-28.60165296875,253.07570800781252,-11.0161129296875,-17.20476407733917,262.7814344644546,-18.50623286205292
-32.7521,248.415,-6.73426,-32.63637955770493,248.85093567085266,-7.245912236900329,-30.67850783203125,250.742533203125,-8.873929140625,-21.23270564748764,258.9458334674835,-15.454484171257022
-26.3901,247.998,-1.84265,-27.951669156169892,248.21123237419127,-3.193464925365448,-28.53280220703125,249.36710546875,-5.356991425781249,-22.392160074748993,255.93544482994076,-11.939239295787813
-28.6371,244.861,-0.584471,-28.4657418343544,245.69855708026884,-1.2367188904685975,-28.584019902343748,247.11197753906248,-2.96952110546875,-23.872848428134915,252.98733429431914,-8.995875884212495
-33.1199,247.24,3.44039,-31.956361871910097,246.85463898277283,2.2711134090728757,-30.85485443359375,247.175400390625,0.23672814843750012,-26.4349769839859,251.4996073818207,-5.774907420242311
-35.8489,246.797,6.89517,-34.87576764428139,246.8114097137451,5.739156662891388,-33.35633428710938,246.986134765625,3.5676092304687503,-29.173983438501356,250.31829602813724,-2.4637886026725777
-38.7766,247.406,10.726,-37.80139456971169,247.25735060024263,9.47929110089493,-36.07191204101562,247.1923232421875,7.15076784765625,-32.045607916040424,249.26636299800873,1.1764684766273499
-40.7052,248.811,14.1699,-39.97925073699951,248.42258453178405,12.997249400165558,-38.392845703125005,247.995275390625,10.6636618046875,-34.581553010559084,248.60012890434263,4.712679927097321
-42.2653,250.761,17.8087,-41.69378989334107,250.17639482307436,16.605838000471117,-40.33359707031251,249.37545507812501,14.237512982421876,-36.893823634338375,248.9083068408966,8.101906619932176
-36.7593,253.843,19.5356,-37.99292336740494,252.926347700119,18.803160673702237,-38.54827958984376,251.60716796875,16.8889599921875,-37.018574485874176,249.96383232688902,11.16822693149948
-35.8089,254.627,21.1277,-36.35490674066544,254.20183646678927,20.54656543419075,-37.18043056640626,253.1161455078125,19.008874283203127,-36.87537810373306,251.0484483137131,13.7051747047596
-43.3375,256.285,25.0699,-41.591851469039916,255.76420891284943,23.93906668805885,-40.258522656249994,254.70015527343753,22.04006198046875,-38.45262242698669,252.32147519397734,16.60472794302559
-46.1283,259.198,28.5277,-44.994186350440984,258.3395521287918,27.38054283826542,-43.1903048828125,256.9488740234375,25.286269471679688,-40.10284188480377,254.02299434375763,19.792068771035197
-48.1774,261.521,31.7974,-47.38159712333679,260.7256372842789,30.693186009539605,-45.684949609374996,259.2334052734375,28.542449081054684,-42.21638376426697,255.7650041360855,22.846540939494133
-48.3231,262.633,35.0698,-48.087725349616996,262.1561598882675,33.97564746198654,-47.006213671874995,260.9343642578125,31.8080898046875,-43.93239449100494,257.5824804906845,26.072346256465913
-47.5945,265.194,40.5602,-47.71780698804855,264.4345398664475,38.914062689180376,-47.301689355468746,263.06396582031255,36.18583180664063,-44.96318055448532,259.46665020275117,29.84022279561043
-46.274,266.937,45.8582,-46.63495244503021,266.3113851118088,44.12216658563614,-46.789274218749995,265.0007802734375,41.02388642578125,-45.41453722362519,261.3599588499069,34.006512722873694
-43.7862,267.605,50.4219,-44.49838857107162,267.28159661293034,48.84696746749878,-45.28867880859375,266.303576171875,45.7245748046875,-45.08890760107041,262.9805595035553,38.255813127136236
-42.193,267.352,53.5405,-42.76934751472473,267.3343996181488,52.36711773443222,-43.741601171875,266.828740234375,49.63431416015625,-44.43082173652648,264.1557781429291,42.2306700583458
-40.5243,267.272,58.2483,-41.085560565948484,267.2876006393433,56.7780048453331,-42.130262109374996,267.051875,53.94215029296875,-43.2216446434021,265.06500229644774,46.30801340017319
-37.4319,267.513,61.4197,-38.345314914894104,267.45665034675596,60.25927659091949,-39.7806169921875,267.2828203125,57.6817025390625,-41.73406820926667,265.7101140689849,50.153177610206605
-35.8082,269.216,65.2858,-36.44248052368164,268.776162981987,64.02917008762358,-37.7980845703125,268.2502197265625,61.485676171875,-40.570572602081306,266.6566114072799,54.10283256092072
-33.4412,269.658,69.9817,-34.19152079629898,269.4375414400101,68.49356834630967,-35.621004980468754,268.95553222656247,65.73537646484375,-38.906099269199366,267.52998950672156,58.21859007406235
-31.6381,271.245,73.6813,-32.27645568761825,270.7931359138489,72.38436786613464,-33.63055302734375,270.10140039062503,69.709934765625,-37.17564346914292,268.55685435104374,62.222363779830935
-29.7172,271.275,77.3516,-30.35701395664215,271.15453424358367,76.10979274673463,-31.673947656249997,270.6887431640625,73.53236523437499,-35.31718626117706,269.2833562345504,66.14288309402467
-27.4923,270.198,80.2327,-28.20847831544876,270.43713417148587,79.20197449569702,-29.582768066406253,270.44462207031245,76.8852134765625,-33.3301921757698,269.6201813592911,69.89722511138916
-25.444,269.04,84.2112,-26.135119264030454,269.3892839584351,82.9588948870659,-27.5127392578125,269.743162109375,80.55079365234374,-31.302872634696964,269.54875186157227,73.69948058423996
-22.4854,268.619,88.465,-23.397829222869873,268.8115711488724,87.08847480983734,-24.9978548828125,269.1814072265625,84.5101251953125,-28.99343190460205,269.34452696704864,77.5836089284897
-20.4618,269.187,91.534,-21.19580692586899,269.09314272689824,90.42261944599153,-22.72904951171875,269.184080078125,88.0235853515625,-26.793234909725186,269.2944597358703,81.20292119159699
-17.3761,269.671,94.9426,-18.331026333618166,269.52653566265104,93.81260598392487,-20.0517599609375,269.4275009765625,91.48539140625,-24.368473410797122,269.3852159910202,84.83667546710967
-15.9576,270.48,98.346,-16.550955846118928,270.2416339731217,97.2126522521019,-18.00317001953125,269.9538681640625,94.91724423828126,-22.135147123432162,269.6690906610489,88.34795111074448
-16.29,271.235,101.885,-16.355238574409483,270.98665889930726,100.71691398477554,-17.1457921875,270.595265625,98.40300986328126,-20.605283152198794,270.13249443244933,91.89549859247208
-17.1421,272.163,105.751,-16.945384079265594,271.8689148302078,104.49247961578371,-17.14279033203125,271.3793486328125,102.0792978515625,-19.6395167971611,270.6587887544632,95.55770591964722
-17.003,272.508,108.879,-16.988595589923857,272.3482290859222,107.7823707859993,-17.07201474609375,271.94444921875004,105.48095537109376,-18.904233424091338,271.18811872673035,99.04428254899977
-16.4733,271.429,110.686,-16.602123439502716,271.6588072786331,109.96009357156754,-16.77171943359375,271.68673925781246,108.08526982421876,-18.21537059526444,271.2496060991287,102.10972753152848
-14.1714,272.016,114.093,-14.779080329418182,271.9267015628815,113.05977407979965,-15.47047333984375,271.85084374999997,111.09054169921876,-17.1104089922905,271.39571733284,105.22722929906844
-11.713,272.9,117.296,-12.479519594001768,272.65667511463164,116.23694446849824,-13.5907365234375,272.3748564453125,114.19521347656251,-15.674546515083314,271.7228797121048,108.41245446300508
-10.3849,273.483,120.337,-10.908554193115233,273.2764186782837,119.31198713130952,-11.986373632812498,272.92872265625,117.2681837890625,-14.2271780128479,272.1451287918091,111.57325066890715
-9.03757,273.235,123.288,-9.505315565814971,273.2453548049927,122.293997514534,-10.510983730468752,273.082138671875,120.27959042968749,-12.844308988361359,272.44158615112303,114.6315576341629
-6.94909,269.105,127.586,-7.588145655765533,270.1400888166428,126.26300019130707,-8.728530175781248,271.09380566406253,123.9344595703125,-11.240179282016754,271.6278814191818,118.01413091030122
-4.94882,266.366,131.733,-5.608651075744629,267.3095223970413,130.36550085926055,-6.8379824609375,268.7302978515625,127.8353916015625,-9.607428921051024,270.34657928943636,121.58759124469758
-2.18264,268.438,137.113,-3.039142848186493,268.15588077926634,135.4261260585785,-4.510473535156251,268.584517578125,132.475923828125,-7.765270650005341,269.9013219947815,125.61841357994079
-1.92253,271.077,142.157,-2.2016834152030946,270.34672041606905,140.47428243637086,-3.2169178320312506,269.83121191406246,137.318349609375,-6.340574046916961,270.23443570232394,129.9163412208557
-0.663127,276.2,142.065,-1.0477660706367493,274.73668018627166,141.66732135486603,-1.9399544960937503,273.0157744140625,139.6932021484375,-4.915337377765656,271.7403978986741,133.08561742115018
3.30904,278.048,144.664,2.219838608631134,277.22016978931424,143.91483076953887,0.6848013945312499,275.5313603515625,142.1794833984375,-2.836871081768035,273.2717267122269,136.05653195667267
5.20243,279.675,147.483,4.456782700973511,279.06129258728026,146.59095850467682,2.944739671875,277.603466796875,144.8329052734375,-0.7298247516937253,274.89733705902097,139.0570440759659
7.72693,283.174,150.975,6.9093937613716125,282.1458233575821,149.8789903898239,5.3370352265625005,280.3891650390625,147.9055166015625,1.4881947946510314,277.0038386545181,142.17181219768523
9.15481,287.002,153.493,8.593456256986618,285.7879559783936,152.58949832248686,7.246571099609374,283.69586718749997,150.7007431640625,3.4609410801525113,279.5280020751953,145.1305461969376
13.4601,289.924,156.109,12.24343938547516,288.88998893547057,155.22912528419494,10.353993425781251,286.8098125,153.4063125,6.01763547594452,282.11652724266054,147.9997955341339
16.9722,293.31,158.557,15.790010344301225,292.2049962491989,157.72503234577178,13.664116478515625,290.0578896484375,155.9837548828125,8.844483843858718,284.74046432018275,150.82062326526642
21.4826,295.77,161.765,20.059453062976836,294.8787484092712,160.75500907516476,17.57433493359375,292.912607421875,158.87640234375,12.088494558444976,287.38216620254514,153.73186655807496
25.5301,298.81,164.206,24.162438925252914,297.8271875963211,163.34325355148314,21.553568140625003,295.8623154296875,161.543828125,15.565725907423023,290.32663585376736,156.57762495040893
27.5086,302.833,166.413,26.672059793328287,301.5815475282669,165.64556459045411,24.531211077148438,299.3489462890625,163.980876953125,18.562430211800574,293.5646854143143,159.24950273895266
27.5089,307.224,168.778,27.299690248597145,305.8133881034851,167.994891125679,26.020670481445315,303.28897460937503,166.3793935546875,20.852238715874677,297.19588466262815,161.62774142169954
27.0684,310.66,169.551,27.1262235091877,309.4483474664688,169.16197340106964,26.546474775390628,306.9753896484375,167.9664658203125,22.57404405049324,300.63996402835846,163.7183251848221
26.9396,313.327,169.45,26.986256328716276,312.3573372545242,169.37799402236936,26.74396189453125,310.1519892578125,168.70960937499999,23.745400622081757,303.88043958759306,165.27030473709107
30.1675,316.034,167.332,29.37218968406677,315.11483514785766,167.84349933815002,28.45696361328125,313.094703125,168.022509765625,25.457548067474367,307.06661043167117,165.9332136478424
29.0894,315.581,159.123,29.160097761449816,315.46445969963077,161.30312543487548,28.773879013671873,314.339720703125,163.573984375,26.425817756643298,309.3568839244843,164.33700830841065
29.6204,310.37,163.082,29.505325466823578,311.64361562156677,162.63728198242188,29.199241699218753,312.356287109375,163.32926953125,27.406297826290132,309.733574010849,164.13374334716795
26.5945,307.36,156.351,27.322207204055786,308.43090471267703,157.92257107925414,27.8985857421875,309.85979687500003,159.841330078125,27.351682390975952,309.28318867874145,162.29144912338256
23.5158,306.62,147.473,24.467402876377104,307.072726764679,150.08539353466034,25.70939521484375,308.241099609375,153.6587314453125,26.583209150791166,308.7212899436951,158.7223271589279
23.1639,308.15,142.066,23.489776684093478,307.8806824159622,144.07084896564484,24.43862392578125,308.1970341796875,147.8635576171875,25.89932857618332,308.7068622713089,154.6613413362503
22.0762,313.163,140.469,22.42959464273453,311.8424215631485,141.36946276760102,23.25837802734375,310.6819814453125,144.1673564453125,25.02710864877701,309.9908086557388,151.2064689474106
25.3837,332.227,144.06,24.645173660755155,327.13085643768306,143.38736625576018,24.321039160156253,321.456634765625,144.1148330078125,25.11626915712357,315.73531097412115,149.51973780727388
25.3898,335.936,138.668,25.203643310165404,333.734714928627,139.8478417482376,24.8552044921875,328.6979951171875,141.3917939453125,25.166047290420536,320.93060315799715,146.8394511156082
41.0556,355.918,150.951,37.092610796833036,350.3721793680191,148.1752104129791,32.95533935546875,342.3092998046875,146.17134765625002,29.132995582294463,329.7900934762955,147.86307258796694
52.9748,362.342,156.881,49.00425346879959,359.3495454874038,154.70455209827423,42.96664580078125,352.3269716796875,151.52513964843752,35.22977748231888,338.04240062046046,150.02810042285918
63.5865,373.884,165.714,59.94093811016083,370.25038626384736,162.96163606739043,53.276046484375,363.10526464843747,158.6155615234375,42.27342441158295,346.9836679487228,153.60286708545686
72.5923,383.723,170.107,69.42945965414047,380.35484532356264,168.32065996074678,62.93443251953125,373.411587890625,164.36321386718748,49.87557016592025,355.9484136676788,157.89610921764375
78.287,390.72,173.995,76.07261419210434,388.12871061325075,172.57641338539125,70.60923876953126,382.06432421875,169.1758203125,56.850628326320646,364.5141824913025,161.6365472126007
79.9531,400.358,176.992,78.98297781400682,397.3006774768829,175.88810122966765,75.27966611328125,391.21080078125,173.0795751953125,62.496216931438454,373.4438828678131,165.10044687175753
78.9058,405.599,181.158,78.9250943696022,403.5244197340012,179.84052401828762,77.09256123046876,398.40564746093753,177.1161474609375,66.58375015420913,381.5472819089889,168.88646977329253
81.4061,409.398,180.136,80.78584833307266,407.9296061286926,180.06213062381744,79.24879951171874,403.904271484375,178.62529394531248,70.24339845819473,388.72168616867066,171.63140281772613
81.4983,410.668,179.848,81.32018787183762,409.9834060773849,179.90153351211552,80.37516474609374,407.29544433593753,179.238400390625,73.19681655607224,395.01343525981895,173.8372184867859
81.5574,414.005,178.624,81.49809696941375,412.9996024036407,178.94338209247587,80.9662853515625,410.65203320312503,178.9285673828125,75.28722005138397,399.91797656440735,174.80618201160434
77.8613,420.172,179.272,78.77050297737122,418.37890536499026,179.18984845161438,79.4214419921875,415.4217734375,179.10628125,76.59238723258972,405.82542491149906,176.44141068458555
75.8,420.826,176.388,76.54262858610153,420.21422787284854,177.08846352672577,77.61654091796875,418.12702343750004,177.7500361328125,76.89769945783615,409.84688719749454,176.67851237010953
75.736,420.97,173.3,75.93765967655182,420.78105972003937,174.24711798763278,76.68145195312499,419.55414746093754,175.5293310546875,77.055461186409,413.1151433382035,176.20694723415374
75.3714,418.598,167.793,75.51296706628798,419.14376727581026,169.40653054428103,76.03082333984375,419.0808779296875,171.663310546875,77.01480707788467,414.90140900707246,174.28899937820435
73.3839,417.335,162.952,73.91616812429427,417.7871934871673,164.56563356304167,74.71014228515625,418.21135546874996,167.3095537109375,76.34759673757553,415.805326002121,171.61895974254608
70.6685,412.029,154.648,71.48041742830276,413.4685506696701,157.1274091053009,72.69013466796875,415.1248837890625,160.980240234375,74.99819051332474,415.26830674266813,167.50279850959777
64.4032,411.585,149.905,66.17250410737991,412.05588891696925,151.71060326957704,68.54615595703125,413.3575009765625,155.444654296875,72.30521002702713,414.5688344049454,163.27930045890807
56.7814,411.488,145.849,59.12917662296295,411.6299731349945,147.31440057373047,62.66499882812499,412.42460546875,150.646328125,68.5298580308914,413.959077085495,158.87856103515625
54.3678,407.094,138.327,55.55814417772294,408.2279935865402,140.57385007476807,58.51644443359375,409.75992285156246,144.4865234375,64.99323760271072,412.2964464368821,153.72850705718992
52.9384,400.831,126.826,53.593336058521274,402.68024919223785,130.26296222686767,55.72745107421875,405.2970908203125,135.6556640625,61.98202429857254,409.57102347660066,146.95118448638917
46.9802,397.92,114.288,48.63348313341142,399.11006376838685,118.28174071121215,51.35202080078125,401.61155664062505,124.97214843750001,58.07546293764113,406.91873169136056,138.81275673294067
29.7202,381.931,76.4607,34.448520291900635,386.2257660980224,86.91595949020386,40.53510390625,391.77159765625004,100.715016015625,50.899587917327885,400.6994205474854,123.10293641738892
27.9595,375.444,69.4684,29.58175505771637,378.1394415588379,73.83028913631439,34.247270703125,383.607869140625,85.0902001953125,45.16186288928985,394.39164727020267,109.56388021297454
20.9975,368.956,58.0247,23.143563677501675,371.2518598241806,61.97609597110748,27.62220732421875,376.2807763671875,71.5547611328125,39.105373236370085,387.93255370998384,96.44649626560211
15.5031,361.381,47.6438,17.413215445518492,363.8487146549225,51.22687283859253,21.561683203125,368.830271484375,59.596916796875,33.12086259441376,381.2413223056793,84.04136190567017
10.3865,353.055,38.0323,12.143178213977814,355.75342739868165,41.330941229820255,15.972765722656248,360.940044921875,48.8105537109375,27.322586657428733,373.9706420974732,72.18837585964204
3.70343,346.896,29.0028,5.81336555973053,349.1103567438126,32.08483417663574,9.8350386328125,353.9178056640625,38.9043609375,21.15318169528961,367.18322917270655,61.191660644531254
5.14205,334.782,26.1348,5.309877072753906,338.36408916282653,27.622307577133178,7.484822734374999,344.34985546875,32.5176,16.828491011657714,359.0788250713348,52.256139771652215
2.83922,325.813,23.2825,3.456883692741394,328.9507712430954,24.367450100898743,5.160842851562499,335.0792822265625,27.896377148437498,13.229234534416197,350.5767876157761,44.69503713550568
5.38732,318.274,18.5634,4.904710582389832,320.9431913175583,20.01440978317261,5.2733834765625005,326.6735830078125,23.2242728515625,11.208384997367862,342.2365720548629,37.67638155212402
4.66171,311.791,12.4627,4.72245872505188,314.0790471353531,14.350624456501007,4.9646374609374995,319.23087011718746,17.83736435546875,9.320070860519408,334.5022325601578,30.8434170285225
2.16044,306.671,6.17966,2.800940566158295,308.5230079717636,8.222392095394135,3.5541109960937494,312.94312792968753,11.99004181640625,6.801184697475434,326.86912683010104,23.079836610164637
1.702,303.655,0.766489,1.9767347217559814,304.8720004463196,2.630463106754303,2.6271957812499998,308.29589648437496,6.3748511992187495,5.4520251190948485,320.7916157951355,17.2061789659462
-0.132745,299.025,-4.06268,0.3946232705688476,300.48674856472013,-2.389396951702118,1.2438259765625,303.6572802734375,1.1504978554687497,3.7617915722656248,315.07594028377537,11.405637998249057
-1.81165,295.854,-10.2422,-1.2600829923248291,297.0121853351593,-8.279001712924957,-0.28659482421875004,299.75194140625,-4.55091987109375,2.1363744477844238,309.9505240573883,5.555239775051116
-2.64065,293.356,-15.7706,-2.295509467973709,294.27004434871674,-13.897702719791411,-1.466120751953125,296.5499052734375,-10.16545305078125,0.7260180388164523,305.45024330043793,-0.18216317868423415
-4.54199,292.055,-21.2913,-3.980371460361481,292.6087596187591,-19.442902832748413,-3.00731859375,294.2994453125,-15.7327854609375,-0.8732443414497377,301.8413062725067,-5.840809544815063
-6.02254,289.924,-26.5241,-5.511997522096634,290.5951870164871,-24.75380139197159,-4.514226845703125,292.1058076171875,-21.12984312109375,-2.0998079446887976,298.35034326648713,-11.132762528751373
-7.16488,287.947,-33.9909,-6.751659929561615,288.6090446157456,-31.68162602803421,-5.8406778515625,290.02202441406246,-27.56176428515625,-3.463336296825409,295.3707005147934,-16.967764175067902
-9.85606,286.911,-39.555,-9.079959374876022,287.33550935649873,-37.586657632129665,-7.847124736328125,288.4628310546875,-33.560686390625,-4.953897872495651,292.937364695549,-22.813884961750034
-12.166,284.01,-49.1806,-11.394490016717912,284.841375793457,-46.282115862552644,-10.006916669921875,286.23325,-41.373622052734376,-6.787569641427994,290.4317131347656,-29.663227615703583
-14.2365,283.48,-56.2988,-13.525998100528717,283.8203427276611,-53.794630463631634,-12.122929658203125,284.854125,-48.839278916992185,-8.755443709774017,288.47754095458987,-36.58748576087284
-15.538,284.207,-60.9551,-15.034999634432793,284.11033496284483,-59.16498390650844,-13.830688676757813,284.52908984375,-54.89983260839844,-10.470445058093071,287.2825245456695,-42.90801533420468
-14.0036,282.416,-63.978,-14.261450346045496,282.8395826368332,-62.77474712799072,-13.918040209960939,283.4702841796875,-59.441274296875,-11.431224498229026,285.8703447294235,-48.379472110290536
-12.7462,281.234,-71.4473,-13.125012986793518,281.635394903183,-69.27916325531007,-13.3329398828125,282.35059375000003,-65.4473044921875,-11.83087715473175,284.5773309307098,-54.407421950531
-11.9207,280.211,-76.7061,-12.221778444347382,280.56709813022616,-74.84936713190079,-12.6272247265625,281.2795771484375,-71.07940166015626,-11.888345793819429,283.38024482822414,-60.21558418893814
-10.8601,278.903,-80.4808,-11.200520064401626,279.31902422237397,-79.07294309921265,-11.744590751953124,280.0906533203125,-75.78279648437501,-11.711587698907852,282.2059857091904,-65.51505565719604
-10.4299,277.865,-85.5258,-10.622555369091033,278.2285055475235,-83.9125870223999,-11.087968300781249,278.9767861328125,-80.6568533203125,-11.453697004833224,281.0307362070084,-70.73874976272583
-8.85238,279.752,-90.289,-9.294924114627838,279.3711259155274,-88.69489853582382,-9.97073193359375,279.363427734375,-85.47657255859374,-10.85161463891983,280.6275532913208,-75.94167363576888
-7.19151,279.62,-94.7962,-7.717364170284271,279.5577812318802,-93.27087596054076,-8.58243501953125,279.4912080078125,-90.139103125,-10.050250832576753,280.33190936756137,-80.89030574722291
-5.77081,280.027,-97.5182,-6.257449093303681,279.9096946163177,-96.45637128505706,-7.17775041015625,279.7576875,-93.8333515625,-9.077951254558563,280.13315789604184,-85.4538178358078
-3.46382,280.919,-99.489,-4.162227766971588,280.66667352771753,-98.73084451837539,-5.32179619140625,280.3380849609375,-96.66465146484376,-7.761866290073394,280.30723379993447,-89.26325152215958
-1.34125,282.755,-101.081,-2.0464947520446777,282.2329185552597,-100.49346223974229,-3.33215859375,281.5468974609375,-98.87509931640625,-6.21168124710083,280.94988029384615,-92.41434810552599
0.0505124,284.809,-102.664,-0.4737390221817017,284.1649792118073,-102.1213662806511,-1.6400738781250002,283.17707421875,-100.77102568359376,-4.581327242597961,281.8390170917511,-95.10443367185593
2.28778,284.452,-103.79,1.5974005442420962,284.3802445211411,-103.37284335098266,0.3244670257812502,283.8139599609375,-102.2841599609375,-2.8109439719017026,282.4423408880234,-97.59129215545654
1.41724,288.119,-107.483,1.4622803328750613,287.18431088638306,-106.45546209154129,0.8712565890625001,285.96598046875,-104.88614775390626,-1.7190328741317749,283.81829912185674,-100.28632524995805
21.8562,284.778,-98.317,16.757720336085512,285.3795774097443,-100.35161642284393,11.364246165625001,285.3713515625,-101.6034169921875,4.21956992967682,284.00298078346253,-99.95341890544891
21.8562,284.778,-98.317,20.58158018658905,284.9283941049576,-98.8256553085327,16.61043314140625,285.0741689453125,-99.96267187499998,8.646897002778626,284.15289551639563,-99.75739044036867
22.2511,288.672,-99.7723,21.833720422757338,287.7360989761353,-99.53563996276856,19.431536844140624,286.874005859375,-99.86981171875,12.114574523877335,285.3623693389893,-99.96229223022462
23.0683,292.235,-101.345,22.759655501671602,291.1102747125626,-100.89266106529234,21.25072939375,289.5544384765625,-100.609606640625,14.923152963289644,287.07495196628577,-100.49833137779237
24.3724,295.145,-102.47,23.969214214139175,294.13631877517696,-102.07566591529846,22.812258398046875,292.34991796875,-101.541132421875,17.345468180228043,289.10965367507936,-101.10621257362365
24.4758,298.966,-104.353,24.349154103564075,297.75857990646364,-103.78366694869995,23.645155658984375,295.65839453125,-102.948028515625,19.22548717164574,291.6114139976502,-102.00114643630981
24.796,303.071,-106.852,24.684289031951142,301.74289541435246,-106.08491711673737,24.221614240625,299.36559375,-104.9007916015625,20.707762411421964,294.5538542079926,-103.28109816379549
25.2369,306.137,-108.976,25.0987475898098,305.03847434329987,-108.25322965660095,24.729936691796873,302.7522998046875,-106.93916875,21.89882808285484,297.5363916254044,-104.77168184318542
26.3017,308.81,-110.21,26.000962430858614,307.8671185007096,-109.72080768260956,25.516910761718748,305.78097558593754,-108.5751341796875,23.094037363567352,300.33971577548976,-106.17881814556121
27.2107,311.712,-111.03,26.908265400161742,310.7507804994583,-110.7027028011322,26.3633803125,308.7482783203125,-109.8043703125,24.086435647354126,303.3376630754471,-107.54758796653749
29.1311,314.617,-111.11,28.575396223068235,313.65044432830814,-111.00817351493835,27.7572201171875,311.6810078125,-110.45270957031249,26.210843991470337,306.0163897171021,-108.05106371803285
31.0181,317.052,-110.565,30.40742405576706,316.2016110820771,-110.67579337873458,29.387660058593752,314.36650390625005,-110.50885478515625,27.412657993602753,308.7752922878266,-108.67954778852463
33.4193,318.925,-110.784,32.66633110809326,318.2441536989212,-110.75694869165422,31.4036728515625,316.64765332031254,-110.64713798828126,28.930997150421142,311.47718283557896,-109.26712563486099
34.9802,324.385,-111.545,34.40173297185898,322.8497892742157,-111.34798754787445,33.19233544921875,320.51806640625,-111.0968369140625,30.47781241598129,314.85462091636657,-109.90301742458344
36.7999,328.491,-112.956,36.20035855388642,327.08069801235195,-112.5539971551895,34.996754492187506,324.5059541015625,-112.02696777343749,32.11341315288544,318.3866199331284,-110.7137775964737
39.2581,331.958,-113.616,38.49366466312408,330.7386754140854,-113.35049973773957,37.127477734375,328.2338427734375,-112.8224033203125,33.903951977729804,321.94084540462495,-111.51886195850372
40.7164,334.502,-113.208,40.16071624212265,333.56116983222967,-113.24362553024292,38.92209521484375,331.36992578125,-113.016421875,35.62058767385483,325.2545092868805,-112.04669207382202
42.9161,337.317,-112.057,42.22725416564941,336.37804318904875,-112.3536568889618,40.919312890625,334.3449599609375,-112.53774804687501,37.46308722686768,328.3996248922348,-112.13897648429871
45.557,340.007,-110.891,44.72456379528045,339.09976143455503,-111.25666451644898,43.2386763671875,337.17728515625004,-111.7149765625,39.53153739299774,331.4143631877899,-111.87910052108765
47.2819,339.292,-109.655,46.642566165542604,339.2439410505295,-110.05541632461549,45.26073203125,338.2360595703125,-110.685388671875,41.50751978340149,333.5063387556076,-111.35770820236209
49.3646,341.512,-109.824,48.68409199924469,340.94498595523834,-109.88185410022736,47.3136037109375,339.87544824218753,-110.25473339843751,43.55289819278717,335.63044713687896,-110.9776599626541
50.5341,343.091,-109.308,50.07159844970704,342.55449706935883,-109.45146339511872,48.9247732421875,341.4844130859375,-109.78110058593751,45.37789634628296,337.5984279088974,-110.5372268228531
52.1998,343.43,-110.541,51.66775018491745,343.2111247138977,-110.26861590099335,50.56345908203126,342.45812109375004,-110.1611572265625,47.184787268352515,339.13542734146114,-110.54741961193085
54.0926,343.634,-110.78,53.48638791837692,343.5282824802399,-110.65215415668489,52.328791699218755,343.0487265625,-110.4709501953125,48.977665275096896,340.49067434883113,-110.63770564746858
55.796,345.296,-111.402,55.21859741344452,344.8540715990066,-111.21453887557985,54.063284374999995,344.17436816406246,-110.9371640625,50.75910423336029,341.8654232301712,-110.88837301254271
56.7559,347.526,-109.98,56.37157493944168,346.85801872634886,-110.28863487625122,55.41079248046875,345.85187695312504,-110.458904296875,52.36212558641434,343.42699663925174,-110.68915494918824
58.5869,350.144,-108.75,58.033069082546234,349.3225052881241,-109.13465862178802,56.999558300781246,347.9991806640625,-109.6042529296875,53.979910688686374,345.2136936655045,-110.18713427639008
59.5853,353.714,-108.192,59.197242795085906,352.61612699317936,-108.42766438102721,58.29350322265625,350.85796484375,-108.897564453125,55.4741626452446,347.45766215705873,-109.63973806571961
60.169,356.539,-107.069,59.9260613284111,355.5582823896408,-107.40866581726074,59.23254111328125,353.6997958984375,-107.98271289062501,56.75941075468063,349.8416091337204,-108.94780738067627
62.3071,357.863,-102.764,61.71184074335098,357.2868204269409,-103.92516615962981,60.77066279296875,355.781048828125,-105.3727529296875,58.21918445215225,351.81675872802737,-107.34965290737152
62.8251,358.756,-99.276,62.54678568239212,358.3887056360245,-100.43829158020019,61.798898339843745,357.26960839843747,-102.32445898437498,59.45862645692825,353.6453310480117,-105.33837741851808
65.2973,357.616,-96.2528,64.60967169942856,357.80917678546905,-97.29917277202605,63.54867021484375,357.4435751953125,-99.28837753906251,60.96768883428574,354.7046875658035,-103.04518973369598
68.078,355.41,-93.1865,67.21091832199097,356.0097942771912,-94.21466848697662,65.8141484375,356.426953125,-96.23804082031249,62.81561769180298,354.89533338546755,-100.63259322299959
71.4849,352.921,-93.1508,70.41640503177643,353.6931986179352,-93.41676717872619,68.65044843749999,354.67407617187496,-94.694537109375,65.0628809343338,354.41036600685123,-98.77223911476136
72.5758,352.397,-89.119,72.03595166406632,352.72105005073547,-90.1934419429779,70.61395595703125,353.53634960937495,-91.907072265625,67.01305403146743,353.9772193012238,-96.38519959068299
73.3488,352.85,-85.5373,73.02058814487458,352.8177630443573,-86.70133514671326,71.9818466796875,353.19426367187504,-88.721491796875,68.63753203067779,353.7895988292694,-93.61316632957458
74.684,353.121,-82.787,74.26814747276306,353.04519138526916,-83.76558349342346,73.3338173828125,353.15891015625,-85.7536453125,70.22648155708313,353.73302070808415,-90.85467552986145
75.4608,353.533,-79.4321,75.16263710622788,353.41104869747164,-80.5154707403183,74.39779619140626,353.3476982421875,-82.59260019531251,71.57722872762679,353.8337949666977,-87.97546444149019
76.2452,353.165,-75.283,75.97455941572188,353.22651284790044,-76.59111741733551,75.32178310546874,353.257728515625,-78.9372517578125,72.76887419462204,353.78591048431394,-84.75491827335358
77.2219,352.966,-72.3641,76.91006536369323,353.03112852764133,-73.42085332794188,76.272885546875,353.1125107421875,-75.648573828125,73.97243359031677,353.63685218334194,-81.47539144439698
79.061,352.397,-70.2771,78.52326646442414,352.5555323448181,-71.06303750038147,77.667195703125,352.75519140625,-72.9611337890625,75.26645299320221,353.3646051139832,-78.52850242881776
80.9206,352.149,-68.3723,80.32126720552444,352.25063281440737,-69.04498365430831,79.29510498046875,352.4515390625,-70.66524072265625,76.78440344820022,353.0125557804108,-75.86176655836104
82.9822,351.932,-66.9713,82.31696746435166,352.0116576776505,-67.48972018251419,81.14001025390625,352.1906923828125,-68.81677314453125,78.45129582891465,352.6492461252212,-73.50964432115555
85.0027,351.03,-65.1639,84.33126767835617,351.2754138259887,-65.74535503711701,83.07301865234376,351.609130859375,-66.99031914062499,80.23303775663375,352.13931134033203,-71.42170044651031
86.4175,350.481,-63.4129,85.89594217967988,350.6796033315659,-63.99601279802322,84.74579199218749,351.0448095703125,-65.19964091796875,81.82522762737275,351.7026022939682,-69.2492167134285
87.7892,349.362,-61.5884,87.31588572921753,349.69140094089505,-62.190302345561975,86.2678734375,350.20362597656253,-63.392271582031256,83.34886848068237,351.1365842370987,-67.18273894834519
88.5433,348.256,-59.0333,88.23644675064088,348.6148502998352,-59.822549930667876,87.406238671875,349.2299453125,-61.21144287109375,84.70386871414185,350.4278838996887,-65.02921991662978
89.7832,347.419,-57.2749,89.39651187286377,347.7179626731873,-57.91181168279648,88.5950986328125,348.324673828125,-59.24153330078125,86.00650978927612,349.69306380081173,-62.948945279598234
90.2737,345.622,-54.4862,90.05440315523148,346.14599058055876,-55.342601931476594,89.43478232421876,346.97315722656253,-56.86184072265625,87.10643658266069,348.65975532054904,-60.658021156787875
90.6332,343.645,-52.0069,90.4885010216713,344.2702475976944,-52.840824786949156,90.03446806640625,345.3089814453125,-54.4329451171875,88.02937849435806,347.3976616983414,-58.37196072902679
91.1755,341.497,-50.4497,91.00375069389344,342.1903117637634,-51.04748069915772,90.60588203125,343.402712890625,-52.440303515625004,88.89358350944518,345.89846448135376,-56.303250817871096
92.8014,340.581,-52.1642,92.35198811683655,340.98332788181307,-51.88501972064972,91.7045490234375,341.9917353515625,-52.301321679687504,89.94907809104919,344.5586240472794,-55.18803862628937
93.7364,339.979,-53.4117,93.39029752073289,340.2300819187164,-53.03002959613801,92.72148115234376,340.98526171875,-52.85582675781251,90.98298052473066,343.40455301094056,-54.68478254413604
94.625,339.507,-54.3108,94.31632486190796,339.68777026462556,-53.990606968116765,93.6742271484375,340.2456904296875,-53.582430859375,91.97882148590088,342.39206866550444,-54.51495112323761
94.8535,338.648,-54.4241,94.71920655279159,338.9079424352646,-54.315726324558256,94.26455439453125,339.44657714843754,-54.00241044921875,92.75724538488387,341.4328644094468,-54.41828461923599
94.5304,337.508,-54.4036,94.57760196523667,337.8579853420257,-54.38163114614487,94.39814697265625,338.4767421875,-54.20211435546875,93.25846797475815,340.4043871898651,-54.33755545873642
94.1646,336.314,-54.7316,94.2678506711006,336.69999607181546,-54.6441071773529,94.28174169921874,337.39483105468753,-54.4656095703125,93.51685049715043,339.3350783319474,-54.328151597976685
93.6433,335.226,-54.8958,93.79943796339035,335.5944988183975,-54.832876375103,93.96312626953124,336.3100068359375,-54.679846191406256,93.60083021802903,338.2724579401016,-54.39579743528366
93.2171,334.17,-55.1316,93.36268460779189,334.5261242761612,-55.05691842889786,93.59035263671876,335.2391259765625,-54.90436142578125,93.52561399774551,337.17094691562653,-54.46196695261002
92.2413,333.072,-55.419,92.52164623765944,333.4355305976868,-55.328479016113285,92.91600185546875,334.15459765625,-55.1604701171875,93.21971902971268,336.06271132278437,-54.59651164169311
90.9758,331.59,-55.4336,91.36226168870927,332.05138213729856,-55.40731938276291,91.94616572265625,332.87125000000003,-55.296274707031245,92.68164338655473,334.8538124198913,-54.74001517744064
90.0502,329.932,-54.8623,90.37821580982208,330.46184531593326,-54.998555254459376,90.9989767578125,331.401177734375,-55.08012451171875,92.09245264759065,333.5846719303131,-54.84299852380752
88.8788,328.566,-54.3581,89.25365417537688,329.0399611854553,-54.51821411104202,89.939344921875,329.983294921875,-54.719721386718746,91.32852933788301,332.3045783958435,-54.77446222505569
88.1195,326.837,-54.3312,88.40303875570297,327.38774018383026,-54.377953742122656,89.02985634765625,328.4099169921875,-54.52589970703126,90.56380214529038,330.9177488126755,-54.70162027959823
87.4136,325.734,-53.9666,87.66095974340439,326.147434841156,-54.06943846254349,88.22183974609375,327.0715390625,-54.24630517578125,89.78590233755114,329.58553162765503,-54.52265045061112
86.8842,323.707,-54.1974,87.07838985881806,324.3171084384918,-54.165409610748284,87.55286210937501,325.388712890625,-54.221842578125006,89.04683058071139,328.0677506656647,-54.44047201766968
86.4198,322.354,-54.4062,86.58444737749099,322.84477682495117,-54.34600248088836,86.98615244140626,323.8707734375,-54.3141814453125,88.37462332277298,326.5888842468261,-54.445757137870785
86.1717,321.416,-54.7486,86.27488672008515,321.7731939468384,-54.64795065937042,86.57867167968749,322.64285546875,-54.531470898437505,87.80187531566622,325.2497113571167,-54.52840286273957
85.7884,321.256,-54.3523,85.91002157840728,321.38529823493957,-54.4262127210617,86.183327734375,321.948912109375,-54.4420005859375,87.28050587177279,324.2066832141876,-54.494336192131044
85.8739,322.135,-54.8853,85.88293016195297,321.9475742969513,-54.770528248786924,86.02813740234376,322.041419921875,-54.663790625000004,86.88764135808944,323.6423882312775,-54.60421552219392
86.0977,322.615,-55.2441,86.04400723876952,322.4481432209015,-55.125707065677645,86.06230078125,322.327486328125,-54.95395244140625,86.63670745391846,323.3229487018585,-54.7648032746315
86.4847,323.491,-55.2793,86.37452658901216,323.2302854099274,-55.24090163021087,86.2730484375,322.90843359375,-55.116347265624995,86.55961274852751,323.2949356708526,-54.869298522758484
86.9241,323.986,-55.2339,86.78670636796951,323.7970710268021,-55.23565028734207,86.59800224609376,323.4465498046875,-55.17487744140625,86.60126032304764,323.4100085573196,-54.939153936481475
87.2863,324.381,-55.2752,87.16140141096115,324.2350173444748,-55.26531256542206,86.94178037109376,323.9129306640625,-55.2250255859375,86.74045110349654,323.5797318677902,-55.022029327201835
87.6002,325.23,-55.358,87.49050018444062,324.981254073143,-55.3348280544281,87.2706455078125,324.5709267578125,-55.291334765624995,86.92557454509733,323.9457135457993,-55.09062306480408
88.1156,325.936,-55.0901,87.95932491989137,325.6973130350113,-55.15128206863403,87.6928642578125,325.2524736328125,-55.190830078125,87.20072162780761,324.35767453861234,-55.100240167999274
88.3516,326.604,-54.8893,88.25353111925125,326.3773279361725,-54.954795566940305,88.02200537109374,325.927576171875,-55.040166992187494,87.4688272236824,324.8621117649078,-55.05632382240296
89.0155,327.538,-54.7489,88.82500772066118,327.2478317604065,-54.8003739733696,88.51863154296875,326.732330078125,-54.894700683593754,87.84501688051225,325.4914672660828,-54.993929177379606
89.3824,328.411,-54.7009,89.24305183877945,328.12020790195464,-54.72576839885711,88.95032861328124,327.5715869140625,-54.7976068359375,88.21317393274309,326.2145928277969,-54.90393409862517
89.2539,328.878,-54.385,89.25118798007966,328.6885521850586,-54.47019222679138,89.1021560546875,328.22522265625,-54.591563671874994,88.47696655368806,326.91756930541993,-54.79671190147399
88.9946,329.616,-53.7839,89.058747048378,329.38413816070556,-53.95547314224243,89.04848730468751,328.920845703125,-54.18790703125,88.61582713871002,327.61244984436036,-54.558662892913816
87.1194,330.466,-51.8336,87.6042368543625,330.1955347490311,-52.36406829395294,88.08413261718749,329.6938505859375,-53.010770703125,88.25806535167693,328.36283536243434,-53.87888384647369
84.3819,330.791,-49.2914,85.18748431835175,330.64213380527497,-50.05956706266403,86.233230859375,330.24266699218754,-51.15106318359375,87.3075821325302,328.9907829141617,-52.730095409679414
81.9232,332.02,-47.5225,82.73927116594314,331.6755335454941,-48.15676677551269,84.07839228515624,331.13152636718746,-49.336801757812495,85.97678416566849,329.7647700643539,-51.429940868377685
79.8407,332.966,-46.3177,80.56534286632538,332.6433835887909,-46.77746671361923,81.9596994140625,332.049177734375,-47.82729130859375,84.45602073345185,330.60093517875674,-50.15537772054672
78.2097,333.029,-44.7815,78.79861083946227,332.93259606552124,-45.28049161453247,80.0849513671875,332.53943359375,-46.304264843750005,82.91620853919984,331.23776939010617,-48.800593497467034
76.5905,334.983,-44.3311,77.14252776613236,334.47039917564393,-44.56844785575867,78.33784091796875,333.76154296875,-45.317584374999996,81.34474889650345,332.2022901134491,-47.67473930778503
74.8873,336.776,-43.2345,75.45110709981918,336.19960001659393,-43.56798693046569,76.61289462890625,335.2692275390625,-44.2759736328125,79.75842657918929,333.3851652021408,-46.55874966773987
73.305,339.061,-42.764,73.84152686243058,338.34565021228786,-42.964996721172334,74.95912646484375,337.16554003906253,-43.519963378906255,78.16056600580215,334.8409951753616,-45.60803496427536
71.8826,339.386,-42.1666,72.37233168497085,339.1259126644135,-42.36619910497666,73.42080048828126,338.275998046875,-42.84312744140625,76.58564728937148,335.9969701900482,-44.734334143733975
61.2124,340.249,-36.915,64.00238285942078,339.9682283420563,-38.27779963293076,67.3164736328125,339.262859375,-39.878770214843755,72.7313838962555,337.0911471729279,-42.754113067531584
59.5311,338.399,-35.0324,60.648920267772674,338.79130728816983,-35.84374944324494,63.42287119140626,338.8313447265625,-37.4546328125,69.35211359510421,337.45401024532316,-40.741313614845275
57.8527,337.474,-34.2423,58.55175441427231,337.80332689952854,-34.642661754703525,60.63644892578125,338.15283105468745,-35.84722509765625,66.36164151144028,337.47273410320287,-39.009190048313144
54.5579,335.466,-32.7782,55.55636301736831,336.05033201789854,-33.24431501693725,57.59597392578125,336.810015625,-34.311848828125,63.306862604618054,337.0229575595855,-37.37673280410767
52.2859,333.948,-33.1774,53.10351525783538,334.4735832300186,-33.19412846698761,54.9399201171875,335.3794697265625,-33.7440361328125,60.46366728267669,336.29417260837556,-36.27601471118927
63.1521,318.304,-25.9547,60.639953425598144,322.346395822525,-27.76455675048828,59.045213671875,326.841765625,-29.84861796875,61.06688995513916,331.79929026985167,-33.630804417419434
67.4297,312.493,-24.5617,65.73226297035217,314.95634942150116,-25.362414080238338,63.2366662109375,319.6683369140625,-27.204939062499996,62.58920533409118,327.05524515819553,-31.344505607795718
69.2285,311.44,-23.3622,68.35444033651352,312.3190877828598,-23.862253258609773,66.23175146484374,315.5550439453125,-25.28303408203125,64.17709411687851,323.22716146755215,-29.30261415567398
70.9737,311.75,-22.5519,70.31888470687865,311.8922724905014,-22.8794882024765,68.601953125,313.6536376953125,-23.9172373046875,65.80941693191528,320.4543783864975,-27.595063985252384
70.0485,310.763,-22.3388,70.11609583759308,311.0453182001114,-22.473971908187867,69.32453203124999,312.2084775390625,-23.127726953125,66.8091124414444,318.04526020908355,-26.255766718673705
69.2251,310.277,-22.0599,69.44784641542435,310.46907975578307,-22.163416724967956,69.26960595703125,311.24316015625,-22.59124921875,66.96245198259354,316.1396440792083,-24.98499799861908
66.654,311.256,-23.0935,67.35246120300292,311.05926949787136,-22.860978732395168,67.96098203125,311.24867675781246,-22.84145537109375,66.81432905273437,314.8405980577469,-24.432611631870273
65.508,312.418,-23.2969,65.96911490058899,312.0783171539307,-23.187919494724277,66.73367148437501,311.83288671875,-23.068791894531252,66.41685933723448,314.19588104248044,-24.11531374292374
63.4203,312.659,-24.0319,64.05750293960571,312.51382880973813,-23.820904524612423,65.075376953125,312.244962890625,-23.549631054687502,65.52856317672729,313.7268526287079,-24.032623844528203
61.026,312.271,-24.7464,61.78387519321441,312.33170684051515,-24.515026226329805,63.0495791015625,312.257240234375,-24.14821044921875,64.30696415348054,313.2987765350341,-24.227928149700162
58.5548,311.56,-25.1282,59.36207138900757,311.75292298030854,-24.974904834556583,60.8074953125,311.9009814453125,-24.634678515624998,63.32785855026245,312.20335593318936,-24.14794439525604
55.7365,313.874,-26.2716,56.642893867111205,313.34372935962676,-25.94742587652206,58.274086328125,312.8846533203125,-25.45245908203125,61.61068393058777,312.3755885744095,-24.62002475194931
51.6247,315.177,-27.1772,52.87924889564514,314.71868208885195,-26.86975618314743,54.950271484374994,314.03031250000004,-26.31424384765625,59.19016051063538,313.03146783256534,-25.208657518291474
48.0086,313.173,-27.0385,49.22626263999939,313.5594205961228,-26.99631385259628,51.480287890625,313.6018076171875,-26.675976269531247,56.46847914237976,313.07994376659394,-25.631895007991787
44.4008,330.974,-33.3896,45.60716543941497,326.62035491371154,-31.791278412342074,47.9400921875,322.287421875,-30.032684082031253,53.41248340892792,317.51177174568176,-27.562320948505402
33.3072,333.707,-33.7209,36.382191163539886,331.93533861255645,-33.23849453659058,40.62324404296875,327.9969736328125,-31.876655859375,48.35138614568711,321.5400525331497,-29.090186331939698
25.3079,339.558,-34.6646,28.076472177886963,337.6523348865509,-34.30807388057708,32.9643166015625,333.77796484375,-33.271132617187504,42.481923851013185,326.0858875980377,-30.527443985557554
19.6168,340.69,-34.8865,21.73171777124405,339.9305839986801,-34.741893518638605,26.289998730468753,337.2345498046875,-34.078915625,36.717241422367096,329.78599292659766,-31.625798615837095
15.9446,341.642,-35.9843,17.391378945064545,341.2141460571289,-35.67369855489731,21.11627998046875,339.438392578125,-35.03196669921875,31.435906773281094,332.76017336273196,-32.74646678686142
12.8814,342.099,-36.2793,14.008894165420532,341.8777864217758,-36.1278998090744,16.997670898437498,340.7685068359375,-35.6559822265625,26.696156493759155,335.0784927892685,-33.659852094841
11.581,339.326,-35.4328,12.187972952175139,339.9639464359284,-35.606575043296814,14.288128808593749,340.04690625,-35.5445775390625,22.81299590215683,336.11034041023254,-34.119214446067815
10.1442,338.293,-35.8358,10.655142566108704,338.7107371606827,-35.778494033432004,12.21478828125,339.1710830078125,-35.6907470703125,19.526765642738344,336.7537374124527,-34.59665248908997
9.10854,336.01,-35.8836,9.495189661197664,336.6851846008301,-35.85732372426987,10.65965642578125,337.591177734375,-35.78761572265625,16.74854679971695,336.62283544158936,-34.95663750600815
8.74172,336.699,-35.6248,8.930086553153991,336.6955456724167,-35.682930897998816,9.698922539062501,337.1441103515625,-35.70614013671875,14.594113624382018,336.5572373685837,-35.11782011613846
8.92897,334.934,-35.5658,8.929248278121948,335.3743906621933,-35.59508423871995,9.3121846484375,336.04774707031254,-35.63907119140625,13.025451794509886,336.90325568294526,-35.49805465955734
9.74853,334.044,-35.169,9.543706924610138,334.3765983171463,-35.27552113866806,9.524940527343752,335.0472080078125,-35.40419736328125,11.737681640796662,336.3038703889847,-35.42978349523544
9.60915,333.349,-35.4136,9.592787323970795,333.6059009742737,-35.37908050966263,9.56313935546875,334.2009609375,-35.40935947265625,10.867697206935883,335.8122705726624,-35.465594919300074
8.91047,335.292,-35.9187,9.081047974128722,334.87047551345825,-35.78379518032074,9.2340258203125,334.74703320312494,-35.6641380859375,10.138026022529601,335.7300131034851,-35.58824316616058
8.01782,336.826,-35.8226,8.283626118011476,336.33711910533907,-35.81289905681611,8.62412984375,335.7869814453125,-35.743905078124996,9.452878650360109,336.0442176771164,-35.69319810695648
8.17069,337.303,-36.0426,8.198923299179079,337.0615298852921,-35.98517483453751,8.39591421875,336.5452138671875,-35.89339658203125,9.002956819076537,336.378214715004,-35.79300794534684
8.20541,338.139,-36.773,8.20378801475525,337.8696318101883,-36.57604350681305,8.3000271484375,337.3407529296875,-36.3327849609375,8.748647543411254,336.70129300403596,-36.002253916358946
9.25542,339.243,-36.76,8.992511661128999,338.8996577062607,-36.71401097278595,8.777022011718751,338.2913720703125,-36.5465892578125,8.814657214107514,337.29309085750583,-36.208711197090146
9.75884,342.856,-37.3083,9.567257668361663,341.8669138822555,-37.15972775459289,9.2674253125,340.57257128906247,-36.92746796875,9.006961669597626,338.58739532756806,-36.485627237319946
10.1275,345.984,-37.5844,9.987439329633713,344.9547286348343,-37.4782318769455,9.697283544921873,343.2786220703125,-37.2558076171875,9.271603559598923,340.4656465044021,-36.74938997478485
10.5264,351.294,-37.7369,10.391659877052307,349.7091817378998,-37.672232955169676,10.111933203125002,347.28544921875,-37.496325,9.593211198921205,343.098189863205,-36.99377560806274
10.4714,355.198,-37.839,10.451465164661407,353.8257952222824,-37.79730814418792,10.29206677734375,351.2412900390625,-37.66746875,9.847372627277373,346.0855531263352,-37.188322804069514
11.1015,358.307,-37.8848,10.93899125793457,357.1866986398697,-37.86292709436417,10.69671533203125,354.7738056640625,-37.77625380859375,10.155017737197877,349.111561425209,-37.3727728173256
12.3263,360.852,-38.4615,11.979472647905348,359.93567512321476,-38.311856894016266,11.511166513671874,357.81385156249996,-38.11912353515625,10.668329458055496,352.1287339382171,-37.66628758020401
12.9402,361.806,-38.4892,12.700017949151992,361.3384191465378,-38.444864200592036,12.225247392578126,359.8106748046875,-38.30411484375,11.198595899362562,354.6128391523361,-37.867956888580316
12.9878,363.624,-38.5532,12.915854523735046,363.0526049003601,-38.52611610260009,12.60659833984375,361.7175703125,-38.42876484375,11.652353409767152,356.88577552413943,-38.04855939636231
12.8035,366.68,-39.6434,12.831588639211654,365.77315142440796,-39.36407919979095,12.705066123046874,364.19919335937504,-39.0364390625,11.941606461248398,359.3696402168274,-38.47811809062958
12.8773,368.355,-40.811,12.865872410144807,367.7095381193161,-40.4492697968483,12.79169576171875,366.2776357421875,-39.92371318359375,12.219877161121369,361.6626077528,-39.06078951120377
11.3873,371.881,-41.0454,11.756943222560883,370.83813539123537,-40.89636757993698,12.08974369140625,369.08108203125,-40.48482431640625,12.032994883022308,364.369801361084,-39.580099658489225
12.9486,373.191,-48.3612,12.650685893535616,372.6027845935821,-46.49499196081161,12.51935185546875,371.137568359375,-44.42314697265625,12.277466567516328,366.70721252632137,-41.787035864925386
15.4721,379.204,-57.2903,14.766746568489076,377.55369741439824,-54.59147302656174,13.995920703125,375.17337695312494,-50.85679794921875,13.092972521400451,370.0556779670715,-45.66929275693893
17.2246,382.428,-68.0867,16.610136629009247,381.2094252843857,-64.71289328098297,15.610233496093748,378.8025947265625,-59.471798828124996,14.123556458568572,373.3136444463729,-51.277956775093074
14.1835,385.981,-74.9821,14.790159307479858,384.7881070623398,-72.41479833116531,14.8971744140625,382.3933154296875,-67.22697177734375,14.165154703140258,376.6117923727035,-57.20592695055008
18.5952,375.417,-66.3696,17.64394011888504,377.7597773723602,-67.88089972028733,16.74678525390625,378.906400390625,-66.79856748046876,15.324395621967316,376.4205827007293,-59.521202215862274
19.3146,367.236,-60.12,18.896935176086423,369.86694457054136,-62.06022493667602,18.0309923828125,373.071666015625,-63.459297265625,16.347874866485594,374.1647293453217,-59.67207157516479
20.444,361.283,-55.3701,20.05723380537033,363.4289865760804,-57.04263124942779,19.237519433593746,367.178220703125,-59.414729882812495,17.373916542339327,371.0210804862976,-58.59928173007966
23.2909,358.491,-52.3272,22.48248340740204,359.7254973726273,-53.50605807228088,21.264119726562498,362.8361025390625,-55.871497265624996,18.84537847118378,368.01763094043736,-57.07730604286194
24.3882,355.9,-50.1792,23.911770869445803,356.8563747425079,-51.01091479644775,22.8261958984375,359.36886914062495,-53.02591875,20.234200806427,365.0589670581818,-55.402093276977546
22.8374,353.355,-48.0224,23.105992362117767,354.2303445262909,-48.76952875499725,22.83107041015625,356.36365625,-50.524273828125004,20.822070252132416,362.2818963832856,-53.56706987361909
21.9663,350.725,-46.2604,22.25122346277237,351.6013364439011,-46.88768393297195,22.39944755859375,353.5449677734375,-48.39590908203125,21.174069406986238,359.44800031566615,-52.04938621339798
21.3234,348.494,-44.6505,21.555356467342378,349.2708355445862,-45.20979811210633,21.86265595703125,351.022419921875,-46.527564453124995,21.317982421016694,356.9634601097107,-50.57678641319275
21.4734,346.597,-43.4705,21.493889534664156,347.265459654808,-43.905327102088926,21.66888369140625,348.8112841796875,-45.00430390625,21.430853891658785,354.50801116085046,-49.25620223255157
21.7957,346.17,-41.7426,21.7202466586113,346.4438657608032,-42.2832834195137,21.730806933593747,347.492376953125,-43.37681884765625,21.393624146556853,352.57356980896003,-47.66902983140945
22.8595,345.454,-41.1844,22.57468771648407,345.701463921547,-41.45911880149841,22.2973076171875,346.46803027343753,-42.2764041015625,21.946421859550473,350.3475053796768,-45.68412226448059
24.0505,345.037,-40.5883,23.681547100639342,345.2031140298843,-40.80600321035385,23.174255078125,345.7485205078125,-41.42930048828124,22.50282535152435,348.674353386879,-44.1462139922142
25.2195,345.457,-41.6842,24.83501204442978,345.3935270881653,-41.46464967012405,24.19742900390625,345.599853515625,-41.554430957031244,23.229694376277923,347.61858927536014,-43.330097821521754
25.7719,346.387,-41.6285,25.537678689861295,346.1386311063767,-41.587536692047124,24.986054589843746,345.9920634765625,-41.5899796875,23.98548499097824,347.1927714567185,-42.776181070709235
23.6942,350.351,-38.9384,24.15506993408203,349.2979071588516,-39.60068366088868,24.3406630859375,348.1702666015625,-40.263141015624996,23.959008358001707,347.87289735507966,-41.72601473083496
24.8707,351.991,-39.8941,24.691792113780977,351.3177261829376,-39.82074540100098,24.604924316406247,350.079390625,-40.077567382812504,24.121433019542692,348.794934595108,-41.176943306732184
25.8768,353.898,-42.2031,25.580547820758817,353.25293091869355,-41.60751093015671,25.240436816406252,351.9874111328125,-41.13947333984375,24.523483737659454,349.9596225385666,-41.35906417036057
25.4881,353.422,-42.064,25.5112118019104,353.37973219776154,-41.94987734870911,25.3639544921875,352.7036162109375,-41.6009505859375,24.737484834289553,350.7309903154374,-41.46730378227234
26.1395,353.026,-41.7961,25.98242798624039,353.1144325971603,-41.83454405584336,25.751800488281248,352.8638818359375,-41.69794912109376,25.094323896121978,351.2246226835251,-41.49966537618637
26.1237,358.561,-41.116,26.088382073402407,357.19935804748536,-41.295635601997375,25.9379076171875,355.712232421875,-41.406130859375,25.36528030643463,353.04068260955813,-41.3307709405899
25.5512,363.408,-41.3593,25.68549577198029,361.8558393411637,-41.343383767414096,25.7450732421875,359.5597666015625,-41.382442871093744,25.456689967536924,355.60227159976955,-41.314327552509305
24.7663,367.256,-41.5248,24.9960992269516,365.9059597358704,-41.479445799732204,25.2562681640625,363.4076796875,-41.45333037109375,25.334394522666933,358.49809164810176,-41.34176929979324
25.0827,369.49,-41.2268,25.061050085449217,368.5939900341034,-41.289961711215966,25.1700548828125,366.449044921875,-41.340600292968745,25.320843766021728,361.26380749320975,-41.359312460422515
25.4889,370.951,-40.9447,25.38193765306473,370.36174773025516,-41.03101541452408,25.32974716796875,368.7004765625,-41.14262294921875,25.38618851366043,363.7248842964172,-41.2533068482399
25.8769,374.032,-41.1714,25.753158917903896,373.11443787765506,-41.1363032122612,25.602309082031248,371.368173828125,-41.15569794921875,25.42111444311142,366.4690833015441,-41.11921339673996
26.4819,375.615,-41.6044,26.299715009975433,374.9898598604202,-41.487376030921936,26.04267900390625,373.4923876953125,-41.380515625,25.736000469875336,368.82482809925074,-41.28087416706085
27.3629,376.721,-42.1307,27.09710399236679,376.2882154197693,-41.96986955823898,26.70328076171875,375.107625,-41.75673525390624,26.1852181227684,370.87941347885135,-41.590851554393765
26.7922,376.246,-42.9165,26.868425905418395,376.25655374145504,-42.679842356395724,26.7475505859375,375.67658007812497,-42.336549707031246,26.320546794700626,372.2009561843872,-41.91638875837326
27.348,374.935,-42.4902,27.22810663166046,375.26538834095004,-42.5376105252266,27.048093359375,375.3055966796875,-42.41324404296875,26.604922063636778,372.86774202442166,-42.04852677583695
27.5227,373.782,-42.6177,27.4490516541481,374.15284840488437,-42.59767746915817,27.28538896484375,374.54650097656247,-42.51513994140625,26.833699232578276,373.3300779962539,-42.16209596586227
27.6343,371.927,-41.8116,27.58798777704239,372.48346325683593,-42.00811942529678,27.45956494140625,373.2391171875,-42.16348876953125,27.009669809055328,373.184022201538,-42.08474778299332
26.7976,371.932,-39.8975,26.995196757125854,372.0698667316437,-40.42515489578247,27.128199218749998,372.5874375,-41.0305751953125,26.9235019985199,373.0335374546051,-41.544925752258294
26.106,371.185,-38.8644,26.328299264717103,371.40621721553805,-39.254588652896885,26.6172541015625,371.8873095703125,-39.94734208984375,26.732489695930482,372.6657563848495,-40.862208243656156
25.8644,370.33,-37.0446,25.980374913024903,370.599054652214,-37.59709709596634,26.241025390624998,371.1093681640625,-38.49583330078126,26.532623184204102,372.14352282238,-39.89589165086746
25.512,370.498,-36.4971,25.629093820762634,370.5232643976211,-36.77209932804108,25.876702148437502,370.80518847656253,-37.496577343750005,26.29385462093353,371.86226857089997,-39.05576844348908
25.083,369.434,-35.5674,25.2195235994339,369.70631647682194,-35.86857493524552,25.480146484375,370.12036718750005,-36.53220009765625,26.01669322299957,371.32205964851374,-38.20196414651871
24.6269,368.473,-34.9123,24.77505610990524,368.78132938289644,-35.15136885929108,25.05395341796875,369.29722363281246,-35.722507031250004,25.706454072093962,370.6565067968368,-37.401776461982735
24.2967,367.677,-34.584,24.41628889141083,367.95308223247525,-34.72584240217209,24.675048046875,368.4868798828125,-35.15363720703125,25.329911961936954,369.8915684080124,-36.73052071638107
24.389,367.431,-34.3887,24.395822355365752,367.56152024555206,-34.47298549890518,24.53229541015625,367.9582998046875,-34.77096044921875,25.118158260059356,369.22105604267125,-36.127060698795326
23.7141,367.132,-34.2008,23.884530630493163,367.2393797864914,-34.26884640512466,24.123283007812496,367.5445869140625,-34.48594248046875,24.77452217330933,368.6500949201584,-35.650880503940584
23.6728,367.088,-34.0097,23.725732684230806,367.1258445043564,-34.074486409091946,23.89809599609375,367.31538769531255,-34.247427636718754,24.503805071163175,368.18122501277924,-35.20653963479996
23.457,367.787,-34.4468,23.524182971572877,367.6217111272812,-34.35372114591599,23.677139453125,367.55119628906255,-34.34617919921875,24.20676566505432,368.08287993526454,-34.93576245222092
23.3141,369.102,-34.7166,23.36662057800293,368.7319276037216,-34.62588004016877,23.49528203125,368.32623339843747,-34.53088515625,23.954389428710932,368.3061103048325,-34.83733872013092
23.2731,368.446,-34.5135,23.296480086898804,368.5174816970826,-34.541594576168066,23.384073046875,368.38569921875,-34.52130400390625,23.773863062667843,368.3049716873169,-34.679519539546966
22.4793,368.364,-34.4213,22.683594937705994,368.4023704643249,-34.451373513507846,22.931514453124997,368.374931640625,-34.47103466796875,23.435338635063168,368.32682426834106,-34.59184091768265
22.6836,367.877,-34.4325,22.68359863214493,368.0083423624039,-34.437218156719204,22.80734775390625,368.12544628906255,-34.45131337890625,23.229285102939603,368.1694300165177,-34.51273968229294
22.7397,368.057,-34.4995,22.725674549293515,368.04483536148075,-34.48392938299179,22.773301171874998,368.09075390625003,-34.47508681640625,23.08762538166046,368.1007345466614,-34.48176152410507
22.7491,368.17,-34.4475,22.743243558597563,368.138708650589,-34.45660726747513,22.76103935546875,368.12998828125,-34.46113310546875,22.989047994327546,368.0844317417145,-34.45933034791946
22.6521,368.273,-34.5058,22.674885911655426,368.23942710399626,-34.493501770305635,22.70661474609375,368.20137402343755,-34.48337119140625,22.908709298801423,368.121183962822,-34.462699238872524
22.7633,367.818,-34.1791,22.74119631700516,367.92335670471186,-34.257700397777555,22.73462783203125,368.009541015625,-34.33114384765625,22.843852480793,368.03275966644287,-34.383863447093965
22.0678,368.338,-34.3057,22.236149069404597,368.2343391656876,-34.2937000538826,22.401193749999997,368.1737490234375,-34.31832861328125,22.648095049476623,368.10721140384675,-34.356251450824736
22.0717,368.936,-34.6659,22.112812215900423,368.7605849580765,-34.572850117683416,22.23634150390625,368.55521582031247,-34.492327734374996,22.49488194475174,368.3439309129715,-34.45212456607819
21.7372,368.725,-34.4736,21.831103019905093,368.7338965530396,-34.49841259374618,21.986700976562503,368.64075,-34.48309560546875,22.299426057624817,368.4947373886108,-34.4688884642601
21.8456,368.739,-34.5,21.84197574520111,368.73772398185724,-34.49960310001373,21.916130468749998,368.6895546875,-34.4914486328125,22.184237902641296,368.52809679222105,-34.46808839206695
22.5217,368.187,-34.4043,22.35176874704361,368.324680975914,-34.428125753021234,22.218527636718747,368.4382373046875,-34.447829296875,22.23507717599869,368.4393593130111,-34.44824721450806
22.6924,368.126,-34.4999,22.60724223546982,368.17567012786867,-34.48195644092559,22.45556357421875,368.28188085937495,-34.4738701171875,22.35803652029037,368.3404509735107,-34.4616334444046
23.0067,368.683,-34.7542,22.906835572242738,368.55616757488247,-34.68613912620544,22.7311591796875,368.4825283203125,-34.6140677734375,22.522571781349185,368.43369055461886,-34.537604837417604
24.2364,370.508,-35.6283,23.904008895301818,370.0200419206619,-35.3927597691536,23.483784179687497,369.4953193359375,-35.121158496093756,22.95142584629059,368.95704048633576,-34.808082400989534
23.9308,370.705,-35.8872,23.924102200698854,370.5337605047226,-35.7635899561882,23.7072447265625,370.1002099609375,-35.504207714843744,23.19217257652283,369.3983805837631,-35.08032410917282
23.7419,369.522,-35.4489,23.787450576686858,369.7749400177002,-35.5275724111557,23.72462666015625,369.81088281250004,-35.4763943359375,23.33430097951889,369.4100684509277,-35.15866986293793
23.8703,369.433,-35.5948,23.849587478351594,369.5184851284027,-35.57799313297272,23.79712373046875,369.62219531249997,-35.535658984375004,23.43892619752884,369.4377636089325,-35.27304936542511
23.3429,369.25,-35.4523,23.469571870517733,369.31712142467495,-35.48372336912155,23.57001376953125,369.4363896484375,-35.494155371093754,23.415084365177158,369.4160793180465,-35.3330751200676
23.2884,369.217,-35.4031,23.33369288787842,369.2420303058624,-35.4232557964325,23.4290435546875,369.326591796875,-35.448533789062495,23.369285620880124,369.35739787483215,-35.342459523391724
23.253,368.543,-35.1006,23.273173247814178,368.71775757980345,-35.18126395540237,23.34107470703125,368.934802734375,-35.27457978515625,23.344792504405977,369.1543896980286,-35.283109650135046
23.1043,367.986,-34.8049,23.146518473148348,368.1689392633438,-34.898990966033935,23.223017480468748,368.4601318359375,-35.0396931640625,23.313224553775786,368.8389784784317,-35.15951533508301
22.8297,367.341,-34.5459,22.908904658985136,367.54798480129244,-34.634172764301304,23.026442089843748,367.9005361328125,-34.79284326171875,23.199552953052518,368.4619075155258,-35.01014918031693
22.289,367.295,-33.9371,22.443976239681245,367.3582463331222,-34.11136825170517,22.65787451171875,367.59804003906254,-34.36509580078125,22.985189218044283,368.19370560741424,-34.75262728033066
22.2185,367.467,-34.0733,22.274869353103636,367.43981201839443,-34.082817271327976,22.4387876953125,367.5334111328125,-34.21962470703125,22.845453460311887,368.0891083288193,-34.61971319265366
22.2318,367.426,-33.8941,22.242567265415193,367.42945305156707,-33.941279379558566,22.33514462890625,367.4798017578125,-34.05698876953125,22.679133037662503,367.9316515684128,-34.44924457120895
22.1015,368.691,-33.7429,22.13676677131653,368.37561298084256,-33.79249474039078,22.218230078125,368.08482324218744,-33.89973037109375,22.52674656105042,368.07152451038365,-34.254146768283846
21.6045,368.846,-33.8838,21.73756672344208,368.7284032239914,-33.86097371988296,21.911427734375003,368.4653681640625,-33.89183642578125,22.30160791225433,368.26138445568085,-34.16772218255997
22.53,368.914,-33.7346,22.33189155511856,368.86760076236726,-33.7661933959961,22.220456347656253,368.6895947265625,-33.8131486328125,22.33643112344742,368.41680931186676,-34.0534231300354
23.1228,368.724,-33.3233,22.92507287578583,368.759900182724,-33.43402333726883,22.6716015625,368.70678124999995,-33.568200292968754,22.530721527671812,368.492213224411,-33.868814378833775
23.1491,369.231,-32.8389,23.09309321050644,369.1132248849869,-32.987680762195595,22.91033349609375,368.9685615234375,-33.203402441406254,22.68382102193833,368.64844343662264,-33.59855965547562
22.7949,368.806,-31.9132,22.869448267173766,368.8828060884475,-32.18182012004853,22.852544140625,368.8870087890625,-32.5581568359375,22.70531040172577,368.6643076066971,-33.16473081188202
21.9336,369.813,-31.1447,22.1675620013237,369.58045136833186,-31.40397996826172,22.392937988281247,369.349689453125,-31.851301953125002,22.50078503293991,368.9242390422821,-32.648784208679196
20.0841,371.615,-30.057,20.604965371417997,371.1063628311157,-30.393744846916196,21.23825498046875,370.482322265625,-30.9538537109375,21.873777236652373,369.59498646545404,-31.975125405693053
20.027,371.935,-30.0003,20.17149132604599,371.72784074878695,-30.098661244201658,20.63259306640625,371.2087451171875,-30.477143359375,21.40910535039902,370.1872542924881,-31.487171479797365
20.305,374.454,-29.4487,20.271622834682464,373.7724601774216,-29.611190268325803,20.46880302734375,372.83135253906255,-29.962834179687498,21.13364074010849,371.25220907878867,-30.96998507347107
19.6713,374.257,-28.9877,19.821380677604672,374.1358653459549,-29.14357253103256,20.069987890625,373.5447939453125,-29.47519326171875,20.762552316856386,372.0568342561721,-30.468027852535247
20.2223,372.732,-28.7943,20.122070050907134,373.08296637344364,-28.88161816635132,20.14590126953125,373.13847265625,-29.1348154296875,20.60649837503433,372.2321721382141,-30.055546820068358
20.1682,370.913,-28.0404,20.156667733383177,371.4554916095734,-28.25070450601578,20.1575025390625,372.02576953125003,-28.58753486328125,20.53601239967346,371.90525109291076,-29.54545863275528
20.2533,369.475,-28.0617,20.22914207468033,369.9701228570939,-28.10895102844238,20.20569072265625,370.7502919921875,-28.324416601562497,20.49037128839493,371.289663643837,-29.157147663116458
20.4383,368.429,-27.8316,20.386010524940495,368.81428083515164,-27.900937641620636,20.322008203125,369.5898935546875,-28.07777177734375,20.47846425037384,370.59591094684595,-28.80530204744339
18.6688,369.331,-26.1415,19.098102546787263,369.20182010746,-26.58135918970108,19.49523115234375,369.46023925781253,-27.10918388671875,20.011088502597808,370.2617332773209,-28.100254470157623
17.8607,371.525,-27.814,18.170050431346894,370.94420526695245,-27.505839614200593,18.67754501953125,370.493111328125,-27.461216699218753,19.437114254283905,370.6200807399749,-27.996233150577545
21.8711,371.618,-30.1017,20.94583716688156,371.4495517463684,-29.45273464422226,20.27341943359375,371.05643554687504,-28.78092724609375,19.96749680662155,370.9456682701111,-28.47666070547104
23.4549,370.475,-30.2868,22.82763427810669,370.7186380128861,-30.078283647537233,21.8641318359375,370.7658740234375,-29.5338359375,20.83693597869873,370.8415164461136,-28.926800796890262
24.3837,370.02,-30.5938,23.994683635807036,370.1946601037979,-30.464920780372623,23.124051660156248,370.3941669921875,-30.063548632812502,21.735368351840975,370.74252764225,-29.32025369663239
25.2849,370.199,-30.3289,24.962345757865908,370.197914978981,-30.36290508518219,24.20416640625,370.2964873046875,-30.195999218750003,22.595986858177184,370.5983254098892,-29.55294487476349
25.6468,371.195,-30.8613,25.475686570835112,370.9457283811569,-30.736701225185392,24.92575224609375,370.74499902343746,-30.52855517578125,23.381961703586576,370.683085474968,-29.871865380764007
26.1218,370.359,-30.4432,25.960271629810332,370.5056816616058,-30.51657512655258,25.52374970703125,370.551111328125,-30.48550947265625,24.064636356830597,370.5252383937835,-29.982857966518402
26.3978,369.527,-30.2287,26.288417927742003,369.77167007255554,-30.30066878671646,25.96081640625,370.038353515625,-30.35711513671875,24.65152147769928,370.21494466972354,-30.045218083286287
26.261,369.328,-29.6583,26.26785452604294,369.438917268753,-29.818892141819,26.11099853515625,369.682666015625,-30.007595214843754,25.0617046084404,369.94903055000304,-29.938770257663727
26.4807,368.336,-28.7909,26.427488209629058,368.61172953224184,-29.047897632503513,26.294985253906248,369.00977343750003,-29.39842236328125,25.34171838312149,369.58386900520327,-29.58042108983993
26.394,368.117,-28.2061,26.40237185974121,368.2406829061508,-28.41654980688095,26.344098046874997,368.5644580078125,-28.80307783203125,25.570658573913576,369.30981564235685,-29.307479082393648
28.3169,368.68,-29.5109,27.83826892108917,368.57017074871067,-29.237312997150422,27.332457226562497,368.62227441406253,-29.15810595703125,26.426598719978337,369.15628959941864,-29.45495563249588
28.4537,367.437,-28.8974,28.29984260787964,367.72029241466527,-28.982378293418883,27.893851953125,368.0290791015625,-29.027843359374998,27.0002660484314,368.67819243907934,-29.32338444805145
29.1406,369.174,-28.8744,28.930410873413084,368.81057299518585,-28.901394646549225,28.5176794921875,368.60131738281245,-28.95127158203125,27.57457753067017,368.78292734241484,-29.224104522800445
28.5917,368.693,-27.9562,28.676377933216095,368.7223932914734,-28.192498598480224,28.55512978515625,368.64724609374997,-28.453606445312502,27.866920452594755,368.7680055961609,-28.895940304565435
29.5738,368.426,-27.9752,29.349444569587703,368.50009856033324,-28.02952477655411,29.0646416015625,368.537109375,-28.21466318359375,28.30892523517609,368.72457039260865,-28.688241214847565
29.4951,368.472,-27.8776,29.458686255645752,368.47902444076533,-27.91558109445572,29.280102734375,368.504146484375,-28.04592744140625,28.62553061599732,368.62611922073364,-28.46792240076065
27.968,367.05,-26.2753,28.340671629714965,367.4072559118271,-26.685370222473146,28.6241861328125,367.77666699218753,-27.160508984375,28.47280485954285,368.1969497823715,-27.9107073638916
28.1609,367.22,-26.0869,28.20584287481308,367.2668139305115,-26.236517419624327,28.39247626953125,367.498236328125,-26.6234259765625,28.389050878047946,367.94430754470824,-27.43066460132599
27.8833,367.232,-25.4731,27.963935771083833,367.2407032461167,-25.663954148101805,28.13799541015625,367.3646337890625,-26.047839453125,28.271892217922208,367.7243334035873,-26.904638694000244
28.5108,367.758,-25.8223,28.374083922100066,367.62867575931546,-25.782713397598265,28.324355371093752,367.5612099609375,-25.934784179687497,28.327957377147673,367.72350055789946,-26.609354912948607
29.394,369.417,-26.2354,29.1390214389801,368.9699190740585,-26.122228660488126,28.8601166015625,368.4893798828125,-26.085729199218747,28.67568197593689,368.1706538000107,-26.570974590206145
29.2181,371.022,-25.7533,29.19833039236069,370.5089794721604,-25.845532018852232,29.039175097656248,369.75508300781246,-25.9192150390625,28.817064248561856,368.83099207592005,-26.34064468669891
29.2054,370.838,-25.3891,29.203632761859893,370.75574528217317,-25.50320799922943,29.12262294921875,370.2973896484375,-25.6541462890625,28.943159501361848,369.4061064882278,-26.101787106895447
29.1128,369.696,-24.8785,29.13550805959702,369.960936205864,-25.034676780891417,29.11744345703125,369.9964599609375,-25.2658748046875,28.96238675985336,369.4582647657394,-25.757185028266903
29.5293,369.611,-24.5949,29.43085224905014,369.69848398780823,-24.704844199752806,29.32385126953125,369.803599609375,-24.930396679687497,29.145594196987147,369.48517179298403,-25.46741623878479
28.1395,369.923,-24.5846,28.462338043498995,369.8668710079193,-24.61466102666855,28.73163720703125,369.863322265625,-24.757450683593746,28.89074674253463,369.5965716609955,-25.242590029811858
28.8273,370.783,-24.9201,28.736059146785735,370.5539674129486,-24.843739874649046,28.77872294921875,370.322466796875,-24.83799296875,28.810387780666346,369.83312038230895,-25.094294163894656
28.3293,371.157,-23.8686,28.430989832687377,371.00624189376833,-24.1123849237442,28.5541056640625,370.73981640625004,-24.3532044921875,28.698262993240355,370.1712702598572,-24.779913523292542
27.872,371.598,-23.2304,28.011747391986844,371.4500604763031,-23.450896084594724,28.21291728515625,371.1689140625,-23.7915025390625,28.479972771167755,370.5284595165253,-24.366611215972902
27.185,371.991,-22.5619,27.391686997604367,371.85576524448396,-22.78414910440445,27.6992650390625,371.58021386718747,-23.17687177734375,28.182732126235965,370.91631031894684,-23.930181921482088
27.6022,372.506,-23.1674,27.549571959972383,372.3434417066574,-23.07158737459183,27.65116376953125,372.0439169921875,-23.172337597656252,28.074901166820524,371.3838008298874,-23.756933775806427
27.74,373.715,-22.6614,27.692392948055268,373.37211080932616,-22.763946728706358,27.695495996093747,372.8802421875,-22.9166333984375,27.98374671468735,372.034388015747,-23.462688772773742
28.0178,375.369,-22.1161,27.936448233985903,374.8697776584625,-22.278061595344543,27.856641796875,374.12453125,-22.516188867187502,27.991723649787907,372.86026974678043,-23.110659543037418
32.5511,362.28,-21.3581,31.397437036418914,365.4274441423416,-21.588090277099607,30.20382568359375,368.2017080078125,-21.9368951171875,29.127656763744355,370.16696978473664,-22.65095439682007
36.8131,353.154,-20.8443,35.45918435840607,356.22236101531985,-21.030247501659392,33.5086662109375,360.67781249999996,-21.39045908203125,31.06660850696563,365.9101373519897,-22.18731291303635
39.6179,345.985,-19.8802,38.578220758247376,348.54434032821655,-20.167711872959135,36.5626044921875,353.33155859375,-20.63532451171875,33.145732988166806,360.94203037643433,-21.61009966287613
38.9814,342.514,-18.6846,38.880605353546144,344.0215852870941,-19.055378048229215,37.772338085937506,347.92319921875,-19.660126074218752,34.633699067687985,356.37134499931335,-20.892894635295868
39.572,337.049,-18.6503,39.39915121965409,338.79214641094205,-18.751569261360167,38.67192587890625,342.4862822265625,-19.154699609375,35.84724120302201,351.556554690361,-20.287835730934145
40.1914,332.896,-18.5076,39.993337695884705,334.3700367078781,-18.568592163181307,39.431439648437504,337.6913564453125,-18.830838183593748,36.91396677455902,346.9100417127609,-19.81582233438492
41.943,335.022,-18.489,41.45558426017761,334.859009270668,-18.508897881412505,40.686884375,336.3568701171875,-18.659592675781248,38.14220954246521,343.9546296930313,-19.455882562351228
40.6508,337.488,-18.5797,40.85199616451263,336.83075244045256,-18.561999614715575,40.6690458984375,336.9226865234375,-18.6199419921875,38.7869776556015,342.35972336483,-19.26241029663086
41.6458,338.407,-18.8049,41.44734907398224,338.0129383983612,-18.744174783039092,41.157490234375004,337.66543359375,-18.71217392578125,39.50750324344635,341.42260480308533,-19.126661743640902
42.1805,336.255,-18.6025,41.997212334728246,336.6944849939346,-18.63791856575012,41.66913076171875,336.9610244140625,-18.657070703125,40.187485353374484,340.20056051731103,-18.97259048805237
43.2175,335.792,-17.8149,42.912429164505006,336.01761812782286,-18.020654460716248,42.445528906250004,336.37012109374996,-18.235615234375,41.1364535572052,338.5456046924591,-18.651153632926942
41.915,334.852,-17.4311,42.16435830726624,335.14340235614776,-17.578488492679597,42.1823455078125,335.6066044921875,-17.833106738281252,41.51109631767273,337.2367656679153,-18.32443981180191
40.856,334.083,-17.1823,41.183090245532995,334.34809887981413,-17.28134689331055,41.52054228515625,334.8413017578125,-17.5072326171875,41.46578334779739,336.14554056072234,-17.998185964202882
42.1123,332.067,-17.7179,41.87999740962982,332.6372738924026,-17.608761438274385,41.8161103515625,333.4524560546875,-17.61198251953125,41.60052984676361,334.9793072633743,-17.877618144512176
43.1737,331.289,-17.6189,42.85027449321747,331.62606717014313,-17.61636535139084,42.495193554687496,332.3680595703125,-17.61542451171875,42.018766456413275,333.8259154291153,-17.81148994321823
44.8255,330.306,-17.6517,44.331693770980834,330.6360158023834,-17.64286630382538,43.660649218749995,331.335001953125,-17.633492578125,42.74661028556824,332.77053405189514,-17.76551550350189
45.5059,330.019,-17.3353,45.212348860359185,330.1732544574737,-17.41219157152176,44.5841298828125,330.6780390625,-17.48438720703125,43.51041177845001,332.1724424381256,-17.657176054096222
45.7172,328.065,-17.0276,45.59098690700531,328.5920642023086,-17.123747914505003,45.150033984375,329.3727236328125,-17.256037890625,44.007532591056815,331.2497336740494,-17.50361276741028
47.285,323.531,-17.2155,46.861496963977814,324.7962662696839,-17.192562032318115,46.218002832031246,326.45231054687497,-17.23587890625,44.868923403644565,329.35886434555056,-17.44109592819214
48.3006,321.435,-17.338,47.94082436847687,322.2753160543442,-17.30164045982361,47.2595625,323.94260449218746,-17.286840625,45.74942567996978,327.2870082464218,-17.406773554611206
47.6747,322.894,-17.0329,47.74123133935929,322.73932890319827,-17.10008492717743,47.46763759765625,323.418076171875,-17.1594857421875,46.27454209604264,326.1692013168335,-17.280040772819522
46.5338,325.46,-17.7821,46.83565752429963,324.77983200168603,-17.611596140289308,47.0000828125,324.4385791015625,-17.47060546875,46.28434530735015,325.9521999597549,-17.38934573440552
46.42,327.299,-18.2746,46.52391412858963,326.6692078170776,-18.108848975753784,46.70952431640625,325.8684140625,-17.87248125,46.27353197145463,326.25642115020753,-17.600151198959352
44.0452,331.967,-18.445,44.66487883167267,330.6425514736176,-18.360962371635438,45.377975585937506,328.91672265625,-18.1590021484375,45.7695089799881,327.598919828415,-17.83398453807831
45.0849,330.702,-17.6146,44.97989496097564,330.68713768291474,-17.80119056930542,45.2319560546875,329.8089814453125,-17.886752734375,45.643185108375555,328.34183093547824,-17.774957125091554
45.266,330.105,-17.667,45.194474134063725,330.2505341863632,-17.700547650146486,45.2497845703125,329.9565107421875,-17.776892382812502,45.61865282897949,328.7411060628891,-17.74935315628052
45.3411,331.03,-17.3623,45.304443695735934,330.83513347816466,-17.446861837100982,45.29577451171875,330.49311523437495,-17.56944169921875,45.57800140829086,329.3012080631256,-17.63922667016983
44.358,334.812,-17.5134,44.59461097431183,333.8177829036713,-17.496765385913847,44.8269904296875,332.65160351562497,-17.541270605468753,45.281925340461726,330.5963785915375,-17.594774251270294
44.707,334.03,-17.4603,44.67890311737061,333.9769446449279,-17.469416391277313,44.767760742187505,333.338587890625,-17.50087705078125,45.20441025161743,331.26328983688353,-17.569091670513156
45.5418,329.573,-16.8668,45.32607602148056,330.67398566150666,-17.017454127025605,45.15527626953126,331.4547705078125,-17.18389833984375,45.331651692867275,330.7521925325393,-17.3986925570488
47.391,327.841,-16.5782,46.87476885614395,328.54924676322935,-16.688013459014893,46.27283251953125,329.64859765625,-16.8809001953125,45.820053798007955,330.08601546287537,-17.1806834777832
46.7874,327.895,-16.5865,46.80924194202423,328.0585623025894,-16.611878543376925,46.529559179687496,328.7730517578125,-16.73406591796875,46.013704281806945,329.6466369562149,-17.063780172252656
47.2224,326.874,-16.4867,47.119110458374024,327.17014101409916,-16.51799475326538,46.875924023437506,327.824423828125,-16.6106234375,46.31107185287475,329.03114813232423,-16.940310933685303
48.4433,325.521,-16.5676,48.11225204839707,325.93328636646277,-16.55519872894287,47.658452441406254,326.6749912109375,-16.589194921875,46.74382888860702,328.35076471424105,-16.854330067443847
47.9823,322.336,-16.9981,48.014788259983064,323.2353212900162,-16.88737448425293,47.82088388671875,324.5048779296875,-16.7932419921875,47.09735853738784,326.79364608860016,-16.855200493621826
49.0038,320.838,-16.7,48.756547108173365,321.4373301801682,-16.746843633556367,48.41243037109375,322.6711474609375,-16.74664658203125,47.5816176861763,325.27952019023894,-16.818613491344454
48.5261,319.473,-15.9621,48.583711794948584,319.9640827655793,-16.15828583574295,48.46930185546875,321.07252539062506,-16.354224511718748,47.82091012334823,323.8669576435089,-16.591616072559354
48.634,318.908,-15.8609,48.62142771434784,319.17202159309386,-15.935246494960786,48.5511708984375,319.99210937500004,-16.10763603515625,47.98266123027801,322.7869515171051,-16.41531878347397
48.3492,319.314,-16.041,48.417257011795044,319.2785052118302,-16.014561611080172,48.450355859375,319.65267285156256,-16.074292089843752,48.08903598518372,321.8856857614517,-16.319496401882173
48.4298,318.472,-16.2008,48.42666445198059,318.6736252403259,-16.15424026126862,48.440485546875,319.06016015625,-16.13725625,48.20948488044738,320.84402231979374,-16.264755748176576
47.9566,318.283,-15.8706,48.07411655387878,318.3806558971405,-15.941509996509552,48.199445703125,318.670734375,-16.00378720703125,48.22436487388611,320.13061548423775,-16.154027750873567
47.5922,319.307,-15.5815,47.71267899456024,319.0754139871598,-15.671502501106263,47.895528125,318.9888935546875,-15.79264765625,48.0408305273056,319.926992310524,-16.011246364784242
47.8245,320.089,-15.4634,47.79654485235214,319.8356032533646,-15.515425601482391,47.86022646484375,319.53844824218754,-15.62797509765625,48.00512017965317,319.92437215900424,-15.87006970701218
47.647,320.721,-15.5506,47.684386504173276,320.4996504907608,-15.54180641965866,47.754209375,320.1290634765625,-15.58932705078125,47.96715501232147,320.0663849802017,-15.79361910276413
47.7806,319.915,-15.2524,47.75654651613236,320.0611618633271,-15.324751707553862,47.76717958984375,320.0204765625,-15.421073730468748,47.9010458615303,319.894019826889,-15.676496553134916
48.0966,319.143,-14.9085,48.011586872577666,319.3725401086807,-15.012562855815887,47.93238857421875,319.5810068359375,-15.16464130859375,47.99307758760452,319.6429966363907,-15.471907120800019
48.7163,318.304,-14.674,48.540121604251866,318.5711347017288,-14.758640538024903,48.32411103515625,318.9418369140625,-14.9189603515625,48.15370746622085,319.2505965166092,-15.241265033721923
49.6789,316.638,-14.3729,49.39420542678833,317.1212835407257,-14.469335110378264,49.001558203125,317.789642578125,-14.64588076171875,48.5395627708435,318.57358453559874,-15.019899579524996
49.5827,318.932,-14.0941,49.535576288795475,318.4793209819794,-14.187908820533753,49.2919900390625,318.36101953125,-14.370078320312498,48.788318511390685,318.6803358669281,-14.796056232643128
49.65,318.823,-14.133,49.621394091415404,318.7370800447464,-14.146727243232727,49.471034375,318.5915986328125,-14.251617187499999,49.007143035507205,318.680439915657,-14.637041349220276
49.8055,320.266,-13.9048,49.75947341003418,319.8837699661255,-13.965281732082367,49.6380361328125,319.42870703125004,-14.07804736328125,49.18674661026001,319.06884749603273,-14.440034969997406
50.6922,319.529,-13.8136,50.45901826562881,319.617692735672,-13.85152036409378,50.16494013671875,319.479353515625,-13.94568251953125,49.547719474124904,319.2271344013214,-14.271216049671173
50.609,318.901,-13.787,50.57150462179184,319.0801733703613,-13.803130062866211,50.38708349609375,319.19055859375,-13.866283593750001,49.822850827693934,319.1786286773682,-14.145174067687988
50.0937,317.161,-13.2719,50.21315111312866,317.64079349327085,-13.404707536506653,50.240305078125,318.176087890625,-13.569134375,49.88306638412476,318.7009141139984,-13.93053845462799
50.0281,316.257,-13.2378,50.074362810134886,316.6029481811523,-13.279526813030243,50.1342677734375,317.216150390625,-13.40332158203125,49.924967402267455,318.055894065857,-13.74475932340622
50.0051,316.195,-13.0673,50.02241577787399,316.29698686122896,-13.12035662126541,50.06983818359375,316.7051982421875,-13.23514287109375,49.95834685468673,317.5580650243759,-13.560869829273223
49.6651,315.204,-12.5457,49.7544290922165,315.47724651527403,-12.689364099407197,49.8677716796875,315.95418945312497,-12.89030693359375,49.91120825481415,316.934113489151,-13.297173232555387
50.2101,315.024,-12.9119,50.09618250255584,315.1373112316132,-12.856265953063964,50.039405859375,315.48828125,-12.900956445312499,50.02658673305511,316.3862213802338,-13.188137924957275
50.8148,314.817,-12.92,50.63514560270309,314.8970783548355,-12.90406642179489,50.42705595703125,315.1537607421875,-12.910342089843748,50.21957702970505,316.09080343723303,-13.109328287792206
51.3746,314.766,-12.7917,51.189736416721345,314.79876956272125,-12.819791614723206,50.90086083984375,314.9598271484375,-12.8510400390625,50.511175196933735,315.75499894809724,-13.031564162635805
52.7081,313.848,-12.7699,52.32850914125443,314.08569273471835,-12.782372849273681,51.80455634765625,314.4046181640625,-12.81035859375,51.0669739613533,315.33919451236727,-12.956510063934326
52.8475,312.991,-14.3436,52.717752496719356,313.2646730079651,-13.953293190574646,52.3264611328125,313.69744921875,-13.576934765625001,51.54955536613464,314.72101858901976,-13.299430703544619
56.3939,308.429,-13.8675,55.47486310434341,309.6379181022644,-13.888948291301727,54.360139941406246,311.06291796874996,-13.72220439453125,52.75712756128311,313.12149027633666,-13.44032457304001
55.8185,308.579,-14.2025,55.73259065322876,308.8437291107178,-14.124111950016022,55.089068359375,309.820109375,-13.96210068359375,53.50070690536499,311.91237857055665,-13.609113111209869
56.2716,314.104,-14.6125,56.136847647666926,312.788932062149,-14.490402979373933,55.680302148437505,311.96161328125004,-14.28728369140625,54.19065955410004,312.4221033649444,-13.858519615268708
56.2887,318.995,-14.7112,56.250736906433104,317.4434830007553,-14.656000704193115,55.98448984375,315.4782763671875,-14.49915859375,54.71419825744629,314.0627089452744,-14.064488620758057
53.7548,323.078,-16.6681,54.378784145545964,321.66937051391596,-16.165075051689147,54.86947890625,319.27765429687497,-15.583374609375,54.4599887468338,316.27467668914795,-14.693361618614198
52.8405,320.839,-16.7214,53.22507116632462,321.04659258556364,-16.582318850231168,53.85525556640625,320.0582392578125,-16.15256611328125,54.07813470926285,317.4081551923752,-15.215837720775603
51.0714,322.647,-16.927,51.60981793575287,322.2468980970383,-16.840829714488983,52.463623046875,321.3525185546875,-16.53978701171875,53.35199061870574,318.70912372112275,-15.643970395183564
48.0931,325.127,-17.8169,48.972279617404936,324.40697451210025,-17.57288239803314,50.278634863281255,323.239734375,-17.178280859375,52.06091119318009,320.3114387989045,-16.181784028434752
46.06,327.866,-18.0499,46.788070222282414,327.0012434091568,-17.93064559431076,48.1699685546875,325.55241894531247,-17.61407978515625,50.617003948783875,322.1613072443008,-16.647892295360563
45.5902,332.357,-18.4697,45.889667588806155,331.0180606479645,-18.334936773777006,46.88015234375,328.954291015625,-18.042658300781248,49.366190539550786,324.67403492164607,-17.16980965509415
46.2419,331.947,-18.6927,46.15384274272919,331.71476407432556,-18.603259079933164,46.5627578125,330.44841796875,-18.367446679687497,48.73490059108734,326.29959950065614,-17.530424093055725
46.9673,330.712,-18.2713,46.76393554849625,330.9626910543442,-18.354289849853515,46.76474794921875,330.58028222656253,-18.3195369140625,48.26869834604263,327.40903489589687,-17.729791840362548
47.2033,327.329,-18.291,47.093458995151515,328.2374240808487,-18.306822560214997,46.98424521484375,328.9573388671875,-18.305468652343748,48.02148549966812,327.62237529850006,-17.887410286045075
47.9715,326.001,-17.9816,47.75198975286484,326.5601071863174,-18.062905663585664,47.477880957031246,327.4815576171875,-18.14358251953125,48.00971134557724,327.42360352420803,-17.915126322460175
47.8877,328.019,-17.0492,47.853771834087375,327.6542777700424,-17.302626882457734,47.68155322265625,327.7522724609375,-17.597346777343752,47.87218889799118,327.74489870357513,-17.781294679546356
48.2824,324.353,-17.7368,48.17524274053574,325.1783189086914,-17.62825673332214,47.98153017578125,326.05154296875,-17.6670994140625,47.93612608861922,326.8023595581055,-17.772422142410278
48.5654,322.454,-18.3628,48.46786026334762,323.1350801582337,-18.179164232349393,48.27260126953125,324.25365429687497,-18.01505009765625,48.018726387310025,325.79163079452513,-17.92870015077591
49.3599,321.843,-17.4578,49.13688935575485,322.1660206308365,-17.638141270256043,48.814796386718754,323.0495380859375,-17.736859570312497,48.228230884838105,324.9092162332535,-17.8485601606369
